"timestamp","experiment_id","source","category","hypothesis","controlled_prompt_id","full_prompt","model","all_params_json","pre_cost","actual_charge","balance_before","balance_after","job_id","status","failure_class","failure_reason","render_seconds","result_url","local_file","dimensions","duration_seconds","rights","ai_disclosure","human_evaluation","verdict","next_variable"
"2026-08-13T18:37:27.418027Z","OBS-0524d1fb","shared_account_completed_job_recovered_by_this_line","product_text_free_scene","Same prompt and fixed output framing expose differences in motion coherence, prompt adherence, and artifact rate.","CTRL-VIDEO-PAPER-V1","Vertical framing. Overhead shot of a plain wooden desk. Three sheets of paper slide in and settle one by one, then merge and compress into a single clean card. Warm cream and deep navy palette, paper grain, natural soft light, no text, no letters, no numbers anywhere.","kling3_0","{""aspect_ratio"":""9:16"",""cfg_scale"":0.5,""duration"":5,""enhance_prompt"":false,""height"":1920,""kling_element_ids"":[],""kling_elements"":[],""medias"":[],""mode"":""pro"",""multi_prompt"":[],""multi_shot_mode"":""custom"",""multi_shots"":false,""prompt"":""Vertical framing. Overhead shot of a plain wooden desk. Three sheets of paper slide in and settle one by one, then merge and compress into a single clean card. Warm cream and deep navy palette, paper grain, natural soft light, no text, no letters, no numbers anywhere."",""reference_elements"":[],""sound"":""off"",""width"":1080}","8.75","8.75","","","0524d1fb-3077-4069-8119-34fda19d8a95","completed","","","not_exposed_by_CLI","https://d8j0ntlcm91z4.cloudfront.net/user_3EqxC7Y2r6lyY2vR25cT5zA8Leh/hf_20260813_183727_0524d1fb-3077-4069-8119-34fda19d8a95.mp4","media/0524d1fb-3077-4069-8119-34fda19d8a95.mp4","1080x1920","5.041667","fictional_or_generic; no real likeness; no logos","required_on_publish","PENDING: prompt_adherence __/5; motion __/5; anatomy_or_geometry __/5; artifacts __/5; reuse_value __/5","AWAITING_HUMAN_REVIEW","Hold prompt fixed; compare one model or one parameter only."
"2026-08-13T18:37:09.346776Z","OBS-194d3400","shared_account_completed_job_recovered_by_this_line","action_or_object_motion","Same prompt and fixed output framing expose differences in motion coherence, prompt adherence, and artifact rate.","ARCHIVE-SAFE-V1","Rights-clean original with two fictional anonymous 30-year-old Korean male friends, no resemblance to real people. Vertical 9:16, eight-second silent micro-story. Camera viewpoint: intimate third-person at eye level throughout. Visual treatment: realistic editorial drama, natural skin texture, muted rainy-day color, restrained acting. [0-2s HOOK] Macro close-up as a plain car key lands in an open palm; the receiving friend closes his fingers around it a beat too quickly. [2-5s] The owner gives a trusting nod while the friend drives the unbranded compact car away; the owner remains under the apartment awning. [5-8s] Days later, three red-stamped blank violation envelopes spill from the mailbox into the owner's hands; he looks toward the empty parking space and his smile disappears. Physically plausible motion, no readable text, no logos, no license plate detail, no subtitles, no captions, no watermark.","kling3_0","{""aspect_ratio"":""9:16"",""cfg_scale"":0.5,""duration"":8,""enhance_prompt"":false,""height"":1280,""kling_element_ids"":[],""kling_elements"":[],""medias"":[],""mode"":""std"",""multi_prompt"":[],""multi_shot_mode"":""custom"",""multi_shots"":false,""prompt"":""Rights-clean original with two fictional anonymous 30-year-old Korean male friends, no resemblance to real people. Vertical 9:16, eight-second silent micro-story. Camera viewpoint: intimate third-person at eye level throughout. Visual treatment: realistic editorial drama, natural skin texture, muted rainy-day color, restrained acting. [0-2s HOOK] Macro close-up as a plain car key lands in an open palm; the receiving friend closes his fingers around it a beat too quickly. [2-5s] The owner gives a trusting nod while the friend drives the unbranded compact car away; the owner remains under the apartment awning. [5-8s] Days later, three red-stamped blank violation envelopes spill from the mailbox into the owner's hands; he looks toward the empty parking space and his smile disappears. Physically plausible motion, no readable text, no logos, no license plate detail, no subtitles, no captions, no watermark."",""reference_elements"":[],""sound"":""off"",""width"":720}","12","12","","","194d3400-138f-4d01-997a-97044a164862","completed","","","not_exposed_by_CLI","https://d8j0ntlcm91z4.cloudfront.net/user_3EqxC7Y2r6lyY2vR25cT5zA8Leh/hf_20260813_183709_194d3400-138f-4d01-997a-97044a164862.mp4","media/194d3400-138f-4d01-997a-97044a164862.mp4","720x1280","8.041667","fictional_or_generic; no real likeness; no logos","required_on_publish","PENDING: prompt_adherence __/5; motion __/5; anatomy_or_geometry __/5; artifacts __/5; reuse_value __/5","AWAITING_HUMAN_REVIEW","Hold prompt fixed; compare one model or one parameter only."
"2026-08-13T18:36:26.594659Z","OBS-293acee9","shared_account_completed_job_recovered_by_this_line","action_or_object_motion","Same prompt and fixed output framing expose differences in motion coherence, prompt adherence, and artifact rate.","CTRL-VIDEO-BUTTON-V1","Vertical framing. Close insert of a single human hand reaching toward a large glossy red button on a dark panel, the fingertip stopping abruptly one centimeter short and hovering, tension held. No face visible, no text, no letters, no numbers anywhere.","seedance_2_0","{""aspect_ratio"":""9:16"",""bitrate_mode"":""standard"",""duration"":5,""generate_audio"":true,""genre"":""auto"",""height"":1280,""medias"":[],""mode"":""std"",""model"":""seedance_2_0"",""multi_prompt"":[],""multi_shot_mode"":""custom"",""multi_shots"":false,""prompt"":""Vertical framing. Close insert of a single human hand reaching toward a large glossy red button on a dark panel, the fingertip stopping abruptly one centimeter short and hovering, tension held. No face visible, no text, no letters, no numbers anywhere."",""prompt_language"":""en"",""reference_elements"":[],""resolution"":""720p"",""speedramp"":""auto"",""width"":720}","22.5","22.5","","","293acee9-23b9-4869-bc4d-67e845ef59b7","completed","","","not_exposed_by_CLI","https://d8j0ntlcm91z4.cloudfront.net/user_3EqxC7Y2r6lyY2vR25cT5zA8Leh/hf_20260813_183626_293acee9-23b9-4869-bc4d-67e845ef59b7.mp4","media/293acee9-23b9-4869-bc4d-67e845ef59b7.mp4","720x1280","5.06195","fictional_or_generic; no real likeness; no logos","required_on_publish","PENDING: prompt_adherence __/5; motion __/5; anatomy_or_geometry __/5; artifacts __/5; reuse_value __/5","AWAITING_HUMAN_REVIEW","Hold prompt fixed; compare one model or one parameter only."
"2026-08-13T18:39:22.09295Z","OBS-2cfa2121","shared_account_completed_job_recovered_by_this_line","portrait","Same prompt and fixed output framing expose differences in motion coherence, prompt adherence, and artifact rate.","CTRL-PERSONA-STUDIO-V1","Vertical 9:16 creator-style video. An unmistakably adult fictional Korean virtual influencer in her late twenties, with no resemblance to any real person, sits in a softly lit modern creator studio. She wears a tasteful fitted red knit top with full coverage. Medium close-up, slow handheld push-in from chest-up to face, eye-level camera with slight natural micro-movement. She looks directly into the lens, taps her temple once as if acknowledging she is an AI character, then gives a candid amused smile. Mainstream SFW, realistic with a subtly stylized digital-human finish, natural skin texture, no readable text, no logos, no nudity, no transparent fabric, no sexual action.","kling3_0_turbo","{""aspect_ratio"":""9:16"",""duration"":5,""height"":1280,""medias"":[],""prompt"":""Vertical 9:16 creator-style video. An unmistakably adult fictional Korean virtual influencer in her late twenties, with no resemblance to any real person, sits in a softly lit modern creator studio. She wears a tasteful fitted red knit top with full coverage. Medium close-up, slow handheld push-in from chest-up to face, eye-level camera with slight natural micro-movement. She looks directly into the lens, taps her temple once as if acknowledging she is an AI character, then gives a candid amused smile. Mainstream SFW, realistic with a subtly stylized digital-human finish, natural skin texture, no readable text, no logos, no nudity, no transparent fabric, no sexual action."",""resolution"":""720p"",""width"":720}","7.5","7.5","","","2cfa2121-67b7-4636-b487-9d3ae7944209","completed","","","not_exposed_by_CLI","https://d8j0ntlcm91z4.cloudfront.net/user_3EqxC7Y2r6lyY2vR25cT5zA8Leh/hf_20260813_183922_2cfa2121-67b7-4636-b487-9d3ae7944209.mp4","media/2cfa2121-67b7-4636-b487-9d3ae7944209.mp4","720x1280","5.041667","fictional_or_generic; no real likeness; no logos","required_on_publish","PENDING: prompt_adherence __/5; motion __/5; anatomy_or_geometry __/5; artifacts __/5; reuse_value __/5","AWAITING_HUMAN_REVIEW","Hold prompt fixed; compare one model or one parameter only."
"2026-08-13T18:39:28.532015Z","OBS-30de176a","shared_account_completed_job_recovered_by_this_line","portrait","Same prompt and fixed output framing expose differences in motion coherence, prompt adherence, and artifact rate.","CTRL-PERSONA-STUDIO-V1","Vertical 9:16 creator-style video. An unmistakably adult fictional Korean virtual influencer in her late twenties, with no resemblance to any real person, sits in a softly lit modern creator studio. She wears a tasteful fitted red knit top with full coverage. Medium close-up, locked tripod, eye-level camera. She looks directly into the lens, taps her temple once as if acknowledging she is an AI character, then gives a candid amused smile. Mainstream SFW, intentionally stylized premium 3D digital-human aesthetic with a graphic chin-length cobalt bob and subtle iridescent catchlights, no readable text, no logos, no nudity, no transparent fabric, no sexual action.","kling3_0_turbo","{""aspect_ratio"":""9:16"",""duration"":5,""height"":1280,""medias"":[],""prompt"":""Vertical 9:16 creator-style video. An unmistakably adult fictional Korean virtual influencer in her late twenties, with no resemblance to any real person, sits in a softly lit modern creator studio. She wears a tasteful fitted red knit top with full coverage. Medium close-up, locked tripod, eye-level camera. She looks directly into the lens, taps her temple once as if acknowledging she is an AI character, then gives a candid amused smile. Mainstream SFW, intentionally stylized premium 3D digital-human aesthetic with a graphic chin-length cobalt bob and subtle iridescent catchlights, no readable text, no logos, no nudity, no transparent fabric, no sexual action."",""resolution"":""720p"",""width"":720}","7.5","7.5","","","30de176a-4fa3-4aac-8c42-217f4faab1c9","completed","","","not_exposed_by_CLI","https://d8j0ntlcm91z4.cloudfront.net/user_3EqxC7Y2r6lyY2vR25cT5zA8Leh/hf_20260813_183928_30de176a-4fa3-4aac-8c42-217f4faab1c9.mp4","media/30de176a-4fa3-4aac-8c42-217f4faab1c9.mp4","720x1280","5.041667","fictional_or_generic; no real likeness; no logos","required_on_publish","PENDING: prompt_adherence __/5; motion __/5; anatomy_or_geometry __/5; artifacts __/5; reuse_value __/5","AWAITING_HUMAN_REVIEW","Hold prompt fixed; compare one model or one parameter only."
"2026-08-13T18:37:09.580535Z","OBS-393322fe","shared_account_completed_job_recovered_by_this_line","action_or_object_motion","Same prompt and fixed output framing expose differences in motion coherence, prompt adherence, and artifact rate.","ARCHIVE-SAFE-V1","Rights-clean original with a fictional 29-year-old Korean man. Vertical 9:16, eight-second silent sequence. Camera viewpoint: intimate third-person at eye level throughout. Visual treatment: realistic editorial documentary, natural skin texture, cold blue evening light shifting to warm practical light. [0-2s HOOK] Macro close-up of his thumb endlessly scrolling a generic blank smartphone interface; blue light pulses across his tired face. [2-5s] The camera pulls back to reveal untouched running shoes and a closed laptop beside the sofa while he keeps scrolling. [5-8s] He stops, turns the phone face down, opens the laptop, and places the running shoes by the door with one calm decisive breath. Restrained acting, physically plausible motion, no readable text, no logos, no subtitles, no captions, no watermark.","kling3_0","{""aspect_ratio"":""9:16"",""cfg_scale"":0.5,""duration"":8,""enhance_prompt"":false,""height"":1280,""kling_element_ids"":[],""kling_elements"":[],""medias"":[],""mode"":""std"",""multi_prompt"":[],""multi_shot_mode"":""custom"",""multi_shots"":false,""prompt"":""Rights-clean original with a fictional 29-year-old Korean man. Vertical 9:16, eight-second silent sequence. Camera viewpoint: intimate third-person at eye level throughout. Visual treatment: realistic editorial documentary, natural skin texture, cold blue evening light shifting to warm practical light. [0-2s HOOK] Macro close-up of his thumb endlessly scrolling a generic blank smartphone interface; blue light pulses across his tired face. [2-5s] The camera pulls back to reveal untouched running shoes and a closed laptop beside the sofa while he keeps scrolling. [5-8s] He stops, turns the phone face down, opens the laptop, and places the running shoes by the door with one calm decisive breath. Restrained acting, physically plausible motion, no readable text, no logos, no subtitles, no captions, no watermark."",""reference_elements"":[],""sound"":""off"",""width"":720}","12","12","","","393322fe-80ec-4980-a623-41b1cff3dac1","completed","","","not_exposed_by_CLI","https://d8j0ntlcm91z4.cloudfront.net/user_3EqxC7Y2r6lyY2vR25cT5zA8Leh/hf_20260813_183709_393322fe-80ec-4980-a623-41b1cff3dac1.mp4","media/393322fe-80ec-4980-a623-41b1cff3dac1.mp4","720x1280","8.041667","fictional_or_generic; no real likeness; no logos","required_on_publish","PENDING: prompt_adherence __/5; motion __/5; anatomy_or_geometry __/5; artifacts __/5; reuse_value __/5","AWAITING_HUMAN_REVIEW","Hold prompt fixed; compare one model or one parameter only."
"2026-08-13T18:37:24.079532Z","OBS-3ffc67aa","shared_account_completed_job_recovered_by_this_line","action_or_object_motion","Same prompt and fixed output framing expose differences in motion coherence, prompt adherence, and artifact rate.","ARCHIVE-SAFE-V1","A vertical 9:16 editorial micro-documentary in a Korean grocery store. A fictional office worker in his early thirties receives a modest pay raise notification, smiles briefly, then compares a nearly empty shopping basket with a visibly longer receipt and becomes quietly concerned. Natural handheld camera, realistic fluorescent market lighting, restrained trustworthy economics-education tone, no readable text, no logos, no captions, no screens facing camera.","kling3_0","{""aspect_ratio"":""9:16"",""cfg_scale"":0.5,""duration"":8,""enhance_prompt"":false,""height"":1280,""kling_element_ids"":[],""kling_elements"":[],""medias"":[],""mode"":""std"",""multi_prompt"":[],""multi_shot_mode"":""custom"",""multi_shots"":false,""prompt"":""A vertical 9:16 editorial micro-documentary in a Korean grocery store. A fictional office worker in his early thirties receives a modest pay raise notification, smiles briefly, then compares a nearly empty shopping basket with a visibly longer receipt and becomes quietly concerned. Natural handheld camera, realistic fluorescent market lighting, restrained trustworthy economics-education tone, no readable text, no logos, no captions, no screens facing camera."",""reference_elements"":[],""sound"":""off"",""width"":720}","12","12","","","3ffc67aa-270a-4eb4-93c6-ffc115646354","completed","","","not_exposed_by_CLI","https://d8j0ntlcm91z4.cloudfront.net/user_3EqxC7Y2r6lyY2vR25cT5zA8Leh/hf_20260813_183724_3ffc67aa-270a-4eb4-93c6-ffc115646354.mp4","media/3ffc67aa-270a-4eb4-93c6-ffc115646354.mp4","720x1280","8.041667","fictional_or_generic; no real likeness; no logos","required_on_publish","PENDING: prompt_adherence __/5; motion __/5; anatomy_or_geometry __/5; artifacts __/5; reuse_value __/5","AWAITING_HUMAN_REVIEW","Hold prompt fixed; compare one model or one parameter only."
"2026-08-13T18:39:25.122663Z","OBS-448f6a14","shared_account_completed_job_recovered_by_this_line","portrait","Same prompt and fixed output framing expose differences in motion coherence, prompt adherence, and artifact rate.","CTRL-PERSONA-STUDIO-V1","Vertical 9:16 creator-style video. An unmistakably adult fictional Korean virtual influencer in her late twenties, with no resemblance to any real person, sits in a softly lit modern creator studio. She wears a tasteful fitted red knit top with full coverage. Medium close-up, locked tripod, eye-level camera. In the first half-second she catches a small glowing translucent pixel heart tossed from off camera, looks directly into the lens, then opens her palm and the heart breaks into harmless digital particles as she gives a candid amused smile. Mainstream SFW, realistic with a subtly stylized digital-human finish, natural skin texture, no readable text, no logos, no nudity, no transparent fabric, no sexual action.","kling3_0_turbo","{""aspect_ratio"":""9:16"",""duration"":5,""height"":1280,""medias"":[],""prompt"":""Vertical 9:16 creator-style video. An unmistakably adult fictional Korean virtual influencer in her late twenties, with no resemblance to any real person, sits in a softly lit modern creator studio. She wears a tasteful fitted red knit top with full coverage. Medium close-up, locked tripod, eye-level camera. In the first half-second she catches a small glowing translucent pixel heart tossed from off camera, looks directly into the lens, then opens her palm and the heart breaks into harmless digital particles as she gives a candid amused smile. Mainstream SFW, realistic with a subtly stylized digital-human finish, natural skin texture, no readable text, no logos, no nudity, no transparent fabric, no sexual action."",""resolution"":""720p"",""width"":720}","7.5","7.5","","","448f6a14-0a98-4ed3-9dc7-52a77ee5efa8","completed","","","not_exposed_by_CLI","https://d8j0ntlcm91z4.cloudfront.net/user_3EqxC7Y2r6lyY2vR25cT5zA8Leh/hf_20260813_183925_448f6a14-0a98-4ed3-9dc7-52a77ee5efa8.mp4","media/448f6a14-0a98-4ed3-9dc7-52a77ee5efa8.mp4","720x1280","5.041667","fictional_or_generic; no real likeness; no logos","required_on_publish","PENDING: prompt_adherence __/5; motion __/5; anatomy_or_geometry __/5; artifacts __/5; reuse_value __/5","AWAITING_HUMAN_REVIEW","Hold prompt fixed; compare one model or one parameter only."
"2026-08-13T18:37:27.447298Z","OBS-5297b803","shared_account_completed_job_recovered_by_this_line","action_or_object_motion","Same prompt and fixed output framing expose differences in motion coherence, prompt adherence, and artifact rate.","CTRL-VIDEO-BUTTON-V1","Vertical framing. Close insert of a single human hand reaching toward a large glossy red button on a dark panel, the fingertip stopping abruptly one centimeter short and hovering, tension held. No face visible, no text, no letters, no numbers anywhere.","kling3_0","{""aspect_ratio"":""9:16"",""cfg_scale"":0.5,""duration"":5,""enhance_prompt"":false,""height"":1920,""kling_element_ids"":[],""kling_elements"":[],""medias"":[],""mode"":""pro"",""multi_prompt"":[],""multi_shot_mode"":""custom"",""multi_shots"":false,""prompt"":""Vertical framing. Close insert of a single human hand reaching toward a large glossy red button on a dark panel, the fingertip stopping abruptly one centimeter short and hovering, tension held. No face visible, no text, no letters, no numbers anywhere."",""reference_elements"":[],""sound"":""off"",""width"":1080}","8.75","8.75","","","5297b803-2823-44cd-a74a-750e25f893e6","completed","","","not_exposed_by_CLI","https://d8j0ntlcm91z4.cloudfront.net/user_3EqxC7Y2r6lyY2vR25cT5zA8Leh/hf_20260813_183727_5297b803-2823-44cd-a74a-750e25f893e6.mp4","media/5297b803-2823-44cd-a74a-750e25f893e6.mp4","1080x1920","5.041667","fictional_or_generic; no real likeness; no logos","required_on_publish","PENDING: prompt_adherence __/5; motion __/5; anatomy_or_geometry __/5; artifacts __/5; reuse_value __/5","AWAITING_HUMAN_REVIEW","Hold prompt fixed; compare one model or one parameter only."
"2026-08-13T18:38:58.456586Z","OBS-57b672ee","shared_account_completed_job_recovered_by_this_line","portrait","Same prompt and fixed output framing expose differences in motion coherence, prompt adherence, and artifact rate.","CTRL-PERSONA-STUDIO-V1","Vertical 9:16 creator-style video. An unmistakably adult fictional Korean virtual influencer in her late twenties, with no resemblance to any real person, sits in a softly lit modern creator studio. She wears an elegant fully covering black satin evening dress with a tasteful neckline. Medium close-up, locked tripod, eye-level camera. She looks directly into the lens, taps her temple once as if acknowledging she is an AI character, then gives a candid amused smile. Sensual adult editorial mood, confident eye contact, fully clothed, realistic with a subtly stylized digital-human finish, natural skin texture, no readable text, no logos, no nudity, no transparent fabric, no sexual action.","wan2_7","{""aspect_ratio"":""9:16"",""duration"":5,""height"":1344,""medias"":[],""prompt"":""Vertical 9:16 creator-style video. An unmistakably adult fictional Korean virtual influencer in her late twenties, with no resemblance to any real person, sits in a softly lit modern creator studio. She wears an elegant fully covering black satin evening dress with a tasteful neckline. Medium close-up, locked tripod, eye-level camera. She looks directly into the lens, taps her temple once as if acknowledging she is an AI character, then gives a candid amused smile. Sensual adult editorial mood, confident eye contact, fully clothed, realistic with a subtly stylized digital-human finish, natural skin texture, no readable text, no logos, no nudity, no transparent fabric, no sexual action."",""resolution"":""720p"",""width"":768}","7.5","7.5","","","57b672ee-bf3f-4244-96e4-6330f842b1fb","completed","","","not_exposed_by_CLI","https://d8j0ntlcm91z4.cloudfront.net/user_3EqxC7Y2r6lyY2vR25cT5zA8Leh/hf_20260813_183858_57b672ee-bf3f-4244-96e4-6330f842b1fb.mp4","media/57b672ee-bf3f-4244-96e4-6330f842b1fb.mp4","720x1280","5.038005","fictional_or_generic; no real likeness; no logos","required_on_publish","PENDING: prompt_adherence __/5; motion __/5; anatomy_or_geometry __/5; artifacts __/5; reuse_value __/5","AWAITING_HUMAN_REVIEW","Hold prompt fixed; compare one model or one parameter only."
"2026-08-13T18:37:50.483096Z","OBS-6376ed7e","shared_account_completed_job_recovered_by_this_line","action_or_object_motion","Same prompt and fixed output framing expose differences in motion coherence, prompt adherence, and artifact rate.","ARCHIVE-SAFE-V1","A vertical 9:16 editorial micro-documentary about real wages. A fictional Korean office worker receives a modest pay raise envelope, smiles briefly, then places it on a simple conveyor belt. Everyday groceries move past faster while the envelope visually falls behind, and his expression becomes quietly concerned. Natural handheld camera, realistic neutral studio lighting, restrained trustworthy economics-education tone, no readable text, no logos, no captions, no screens.","kling3_0","{""aspect_ratio"":""9:16"",""cfg_scale"":0.5,""duration"":8,""enhance_prompt"":false,""height"":1280,""kling_element_ids"":[],""kling_elements"":[],""medias"":[],""mode"":""std"",""multi_prompt"":[],""multi_shot_mode"":""custom"",""multi_shots"":false,""prompt"":""A vertical 9:16 editorial micro-documentary about real wages. A fictional Korean office worker receives a modest pay raise envelope, smiles briefly, then places it on a simple conveyor belt. Everyday groceries move past faster while the envelope visually falls behind, and his expression becomes quietly concerned. Natural handheld camera, realistic neutral studio lighting, restrained trustworthy economics-education tone, no readable text, no logos, no captions, no screens."",""reference_elements"":[],""sound"":""off"",""width"":720}","12","12","","","6376ed7e-a7bb-49cf-aebe-2d07d5e79a71","completed","","","not_exposed_by_CLI","https://d8j0ntlcm91z4.cloudfront.net/user_3EqxC7Y2r6lyY2vR25cT5zA8Leh/hf_20260813_183750_6376ed7e-a7bb-49cf-aebe-2d07d5e79a71.mp4","media/6376ed7e-a7bb-49cf-aebe-2d07d5e79a71.mp4","720x1280","8.041667","fictional_or_generic; no real likeness; no logos","required_on_publish","PENDING: prompt_adherence __/5; motion __/5; anatomy_or_geometry __/5; artifacts __/5; reuse_value __/5","AWAITING_HUMAN_REVIEW","Hold prompt fixed; compare one model or one parameter only."
"2026-08-13T18:37:55.40745Z","OBS-76b9bc13","shared_account_completed_job_recovered_by_this_line","action_or_object_motion","Same prompt and fixed output framing expose differences in motion coherence, prompt adherence, and artifact rate.","ARCHIVE-SAFE-V1","Vertical 9:16 concept-only product demonstration B-roll for a fictional generic silicone cable organizer with no brand. Start with three loose charging cables sliding behind a plain desk. Two hands place a small neutral-gray organizer on the desk edge, press each cable into a slot, then pull and return one cable smoothly. One continuous overhead-to-close-up camera move, realistic home-office light, exact hand-object interaction, no efficacy claim, no text, no logo, no packaging, no captions.","kling3_0","{""aspect_ratio"":""9:16"",""cfg_scale"":0.5,""duration"":8,""enhance_prompt"":false,""height"":1280,""kling_element_ids"":[],""kling_elements"":[],""medias"":[],""mode"":""std"",""multi_prompt"":[],""multi_shot_mode"":""custom"",""multi_shots"":false,""prompt"":""Vertical 9:16 concept-only product demonstration B-roll for a fictional generic silicone cable organizer with no brand. Start with three loose charging cables sliding behind a plain desk. Two hands place a small neutral-gray organizer on the desk edge, press each cable into a slot, then pull and return one cable smoothly. One continuous overhead-to-close-up camera move, realistic home-office light, exact hand-object interaction, no efficacy claim, no text, no logo, no packaging, no captions."",""reference_elements"":[],""sound"":""off"",""width"":720}","12","12","","","76b9bc13-8862-4cb5-84b5-79f4e45e059e","completed","","","not_exposed_by_CLI","https://d8j0ntlcm91z4.cloudfront.net/user_3EqxC7Y2r6lyY2vR25cT5zA8Leh/hf_20260813_183755_76b9bc13-8862-4cb5-84b5-79f4e45e059e.mp4","media/76b9bc13-8862-4cb5-84b5-79f4e45e059e.mp4","720x1280","8.041667","fictional_or_generic; no real likeness; no logos","required_on_publish","PENDING: prompt_adherence __/5; motion __/5; anatomy_or_geometry __/5; artifacts __/5; reuse_value __/5","AWAITING_HUMAN_REVIEW","Hold prompt fixed; compare one model or one parameter only."
"2026-08-13T18:37:54.433333Z","OBS-8983765a","shared_account_completed_job_recovered_by_this_line","action_or_object_motion","Same prompt and fixed output framing expose differences in motion coherence, prompt adherence, and artifact rate.","ARCHIVE-SAFE-V1","A vertical 9:16 tense but factual economics micro-documentary about a bank run. A calm line of fictional adults waits at an unbranded ATM. One person steps away worried, then the line rapidly grows as a row of plain wooden dominoes falls toward a small model bank but stops one piece before impact. Realistic city lighting, controlled camera push-in, educational not sensational, no cash shower, no readable text, no logos, no captions.","kling3_0_turbo","{""aspect_ratio"":""9:16"",""duration"":8,""height"":1280,""medias"":[],""prompt"":""A vertical 9:16 tense but factual economics micro-documentary about a bank run. A calm line of fictional adults waits at an unbranded ATM. One person steps away worried, then the line rapidly grows as a row of plain wooden dominoes falls toward a small model bank but stops one piece before impact. Realistic city lighting, controlled camera push-in, educational not sensational, no cash shower, no readable text, no logos, no captions."",""resolution"":""720p"",""width"":720}","7.5","7.5","","","8983765a-90d6-4ad0-952a-2ee75e4cfd53","completed","","","not_exposed_by_CLI","https://d8j0ntlcm91z4.cloudfront.net/user_3EqxC7Y2r6lyY2vR25cT5zA8Leh/hf_20260813_183754_8983765a-90d6-4ad0-952a-2ee75e4cfd53.mp4","media/8983765a-90d6-4ad0-952a-2ee75e4cfd53.mp4","720x1280","8.041667","fictional_or_generic; no real likeness; no logos","required_on_publish","PENDING: prompt_adherence __/5; motion __/5; anatomy_or_geometry __/5; artifacts __/5; reuse_value __/5","AWAITING_HUMAN_REVIEW","Hold prompt fixed; compare one model or one parameter only."
"2026-08-13T18:38:59.834499Z","OBS-8ac41f96","shared_account_completed_job_recovered_by_this_line","action_or_object_motion","Same prompt and fixed output framing expose differences in motion coherence, prompt adherence, and artifact rate.","ARCHIVE-SAFE-V1","Photorealistic close insert of a frightened Korean adult hand hovering above a plain matte red circular button on a clean desk. The trembling index finger moves toward the button, then stops exactly one centimeter before contact and remains suspended. No face, no button press, tactile skin detail, restrained tension, vertical framing, no text, no letters, no numbers anywhere","wan2_7","{""aspect_ratio"":""9:16"",""duration"":5,""height"":1344,""medias"":[],""prompt"":""Photorealistic close insert of a frightened Korean adult hand hovering above a plain matte red circular button on a clean desk. The trembling index finger moves toward the button, then stops exactly one centimeter before contact and remains suspended. No face, no button press, tactile skin detail, restrained tension, vertical framing, no text, no letters, no numbers anywhere"",""resolution"":""720p"",""width"":768}","7.5","7.5","","","8ac41f96-b927-4d36-8b3e-9717a8d0c005","completed","","","not_exposed_by_CLI","https://d8j0ntlcm91z4.cloudfront.net/user_3EqxC7Y2r6lyY2vR25cT5zA8Leh/hf_20260813_183859_8ac41f96-b927-4d36-8b3e-9717a8d0c005.mp4","media/8ac41f96-b927-4d36-8b3e-9717a8d0c005.mp4","720x1280","5.038005","fictional_or_generic; no real likeness; no logos","required_on_publish","PENDING: prompt_adherence __/5; motion __/5; anatomy_or_geometry __/5; artifacts __/5; reuse_value __/5","AWAITING_HUMAN_REVIEW","Hold prompt fixed; compare one model or one parameter only."
"2026-08-13T18:39:14.266511Z","OBS-a5e68825","shared_account_completed_job_recovered_by_this_line","portrait","Same prompt and fixed output framing expose differences in motion coherence, prompt adherence, and artifact rate.","CTRL-PERSONA-STUDIO-V1","Vertical 9:16 creator-style video. An unmistakably adult fictional Korean virtual influencer in her late twenties, with no resemblance to any real person, sits in a softly lit modern creator studio. She wears a tasteful fitted red knit top with full coverage. Medium close-up, locked tripod, eye-level camera. She looks directly into the lens, taps her temple once as if acknowledging she is an AI character, then gives a candid amused smile. Mainstream SFW, realistic with a subtly stylized digital-human finish, natural skin texture, no readable text, no logos, no nudity, no transparent fabric, no sexual action.","kling3_0_turbo","{""aspect_ratio"":""9:16"",""duration"":5,""height"":1280,""medias"":[],""prompt"":""Vertical 9:16 creator-style video. An unmistakably adult fictional Korean virtual influencer in her late twenties, with no resemblance to any real person, sits in a softly lit modern creator studio. She wears a tasteful fitted red knit top with full coverage. Medium close-up, locked tripod, eye-level camera. She looks directly into the lens, taps her temple once as if acknowledging she is an AI character, then gives a candid amused smile. Mainstream SFW, realistic with a subtly stylized digital-human finish, natural skin texture, no readable text, no logos, no nudity, no transparent fabric, no sexual action."",""resolution"":""720p"",""width"":720}","7.5","7.5","","","a5e68825-60a3-4104-81f5-5a96cf9470d9","completed","","","not_exposed_by_CLI","https://d8j0ntlcm91z4.cloudfront.net/user_3EqxC7Y2r6lyY2vR25cT5zA8Leh/hf_20260813_183914_a5e68825-60a3-4104-81f5-5a96cf9470d9.mp4","media/a5e68825-60a3-4104-81f5-5a96cf9470d9.mp4","720x1280","5.041667","fictional_or_generic; no real likeness; no logos","required_on_publish","PENDING: prompt_adherence __/5; motion __/5; anatomy_or_geometry __/5; artifacts __/5; reuse_value __/5","AWAITING_HUMAN_REVIEW","Hold prompt fixed; compare one model or one parameter only."
"2026-08-13T18:39:07.987005Z","OBS-a63af175","shared_account_completed_job_recovered_by_this_line","portrait","Same prompt and fixed output framing expose differences in motion coherence, prompt adherence, and artifact rate.","CTRL-PERSONA-STUDIO-V1","Vertical 9:16 creator-style video. An unmistakably adult fictional Korean virtual influencer in her late twenties, with no resemblance to any real person, sits in a softly lit modern creator studio. She wears a tasteful fitted red knit top with full coverage. Medium close-up, locked tripod, eye-level camera. In the first half-second she catches a small glowing translucent pixel heart tossed from off camera, looks directly into the lens, then opens her palm and the heart breaks into harmless digital particles as she gives a candid amused smile. Mainstream SFW, realistic with a subtly stylized digital-human finish, natural skin texture, no readable text, no logos, no nudity, no transparent fabric, no sexual action.","wan2_7","{""aspect_ratio"":""9:16"",""duration"":5,""height"":1344,""medias"":[],""prompt"":""Vertical 9:16 creator-style video. An unmistakably adult fictional Korean virtual influencer in her late twenties, with no resemblance to any real person, sits in a softly lit modern creator studio. She wears a tasteful fitted red knit top with full coverage. Medium close-up, locked tripod, eye-level camera. In the first half-second she catches a small glowing translucent pixel heart tossed from off camera, looks directly into the lens, then opens her palm and the heart breaks into harmless digital particles as she gives a candid amused smile. Mainstream SFW, realistic with a subtly stylized digital-human finish, natural skin texture, no readable text, no logos, no nudity, no transparent fabric, no sexual action."",""resolution"":""720p"",""width"":768}","7.5","7.5","","","a63af175-7774-4185-952a-7bc5ce7a207a","completed","","","not_exposed_by_CLI","https://d8j0ntlcm91z4.cloudfront.net/user_3EqxC7Y2r6lyY2vR25cT5zA8Leh/hf_20260813_183907_a63af175-7774-4185-952a-7bc5ce7a207a.mp4","media/a63af175-7774-4185-952a-7bc5ce7a207a.mp4","720x1280","5.038005","fictional_or_generic; no real likeness; no logos","required_on_publish","PENDING: prompt_adherence __/5; motion __/5; anatomy_or_geometry __/5; artifacts __/5; reuse_value __/5","AWAITING_HUMAN_REVIEW","Hold prompt fixed; compare one model or one parameter only."
"2026-08-13T18:39:18.099056Z","OBS-ba161ee7","shared_account_completed_job_recovered_by_this_line","portrait","Same prompt and fixed output framing expose differences in motion coherence, prompt adherence, and artifact rate.","CTRL-PERSONA-STUDIO-V1","Vertical 9:16 creator-style video. An unmistakably adult fictional Korean virtual influencer in her late twenties, with no resemblance to any real person, sits in a softly lit modern creator studio. She wears an elegant fully covering black satin evening dress with a tasteful neckline. Medium close-up, locked tripod, eye-level camera. She looks directly into the lens, taps her temple once as if acknowledging she is an AI character, then gives a candid amused smile. Sensual adult editorial mood, confident eye contact, fully clothed, realistic with a subtly stylized digital-human finish, natural skin texture, no readable text, no logos, no nudity, no transparent fabric, no sexual action.","kling3_0_turbo","{""aspect_ratio"":""9:16"",""duration"":5,""height"":1280,""medias"":[],""prompt"":""Vertical 9:16 creator-style video. An unmistakably adult fictional Korean virtual influencer in her late twenties, with no resemblance to any real person, sits in a softly lit modern creator studio. She wears an elegant fully covering black satin evening dress with a tasteful neckline. Medium close-up, locked tripod, eye-level camera. She looks directly into the lens, taps her temple once as if acknowledging she is an AI character, then gives a candid amused smile. Sensual adult editorial mood, confident eye contact, fully clothed, realistic with a subtly stylized digital-human finish, natural skin texture, no readable text, no logos, no nudity, no transparent fabric, no sexual action."",""resolution"":""720p"",""width"":720}","7.5","7.5","","","ba161ee7-e9b2-4a0e-8c9a-3237c87bb320","completed","","","not_exposed_by_CLI","https://d8j0ntlcm91z4.cloudfront.net/user_3EqxC7Y2r6lyY2vR25cT5zA8Leh/hf_20260813_183918_ba161ee7-e9b2-4a0e-8c9a-3237c87bb320.mp4","media/ba161ee7-e9b2-4a0e-8c9a-3237c87bb320.mp4","720x1280","5.041667","fictional_or_generic; no real likeness; no logos","required_on_publish","PENDING: prompt_adherence __/5; motion __/5; anatomy_or_geometry __/5; artifacts __/5; reuse_value __/5","AWAITING_HUMAN_REVIEW","Hold prompt fixed; compare one model or one parameter only."
"2026-08-13T18:36:26.560374Z","OBS-c1efc663","shared_account_completed_job_recovered_by_this_line","product_text_free_scene","Same prompt and fixed output framing expose differences in motion coherence, prompt adherence, and artifact rate.","CTRL-VIDEO-PAPER-V1","Vertical framing. Overhead shot of a plain wooden desk. Three sheets of paper slide in and settle one by one with a soft paper rustle, then merge and compress into a single clean card. Warm cream and deep navy palette, paper grain, natural soft light, no text, no letters, no numbers anywhere.","seedance_2_0","{""aspect_ratio"":""9:16"",""bitrate_mode"":""standard"",""duration"":5,""generate_audio"":true,""genre"":""auto"",""height"":1280,""medias"":[],""mode"":""std"",""model"":""seedance_2_0"",""multi_prompt"":[],""multi_shot_mode"":""custom"",""multi_shots"":false,""prompt"":""Vertical framing. Overhead shot of a plain wooden desk. Three sheets of paper slide in and settle one by one with a soft paper rustle, then merge and compress into a single clean card. Warm cream and deep navy palette, paper grain, natural soft light, no text, no letters, no numbers anywhere."",""prompt_language"":""en"",""reference_elements"":[],""resolution"":""720p"",""speedramp"":""auto"",""width"":720}","22.5","22.5","","","c1efc663-9391-476a-9f4a-aca8ece16a94","completed","","","not_exposed_by_CLI","https://d8j0ntlcm91z4.cloudfront.net/user_3EqxC7Y2r6lyY2vR25cT5zA8Leh/hf_20260813_183626_c1efc663-9391-476a-9f4a-aca8ece16a94.mp4","media/c1efc663-9391-476a-9f4a-aca8ece16a94.mp4","720x1280","5.06195","fictional_or_generic; no real likeness; no logos","required_on_publish","PENDING: prompt_adherence __/5; motion __/5; anatomy_or_geometry __/5; artifacts __/5; reuse_value __/5","AWAITING_HUMAN_REVIEW","Hold prompt fixed; compare one model or one parameter only."
"2026-08-13T18:38:59.874756Z","OBS-c8efa5fc","shared_account_completed_job_recovered_by_this_line","action_or_object_motion","Same prompt and fixed output framing expose differences in motion coherence, prompt adherence, and artifact rate.","ARCHIVE-SAFE-V1","Photorealistic close insert of a frightened Korean adult hand hovering above a plain matte red circular button on a clean desk. The trembling index finger moves toward the button, then stops exactly one centimeter before contact and remains suspended. No face, no button press, tactile skin detail, restrained tension, vertical framing, no text, no letters, no numbers anywhere","seedance1_5","{""aspect_ratio"":""9:16"",""duration"":8,""fixed_lens"":false,""generate_audio"":false,""height"":1280,""medias"":[],""prompt"":""Photorealistic close insert of a frightened Korean adult hand hovering above a plain matte red circular button on a clean desk. The trembling index finger moves toward the button, then stops exactly one centimeter before contact and remains suspended. No face, no button press, tactile skin detail, restrained tension, vertical framing, no text, no letters, no numbers anywhere"",""resolution"":""720p"",""seed"":909678,""width"":720}","4.8","4.8","","","c8efa5fc-10ad-4d83-9fdc-7bd6720a4d1f","completed","","","not_exposed_by_CLI","https://d8j0ntlcm91z4.cloudfront.net/user_3EqxC7Y2r6lyY2vR25cT5zA8Leh/hf_20260813_183859_c8efa5fc-10ad-4d83-9fdc-7bd6720a4d1f.mp4","media/c8efa5fc-10ad-4d83-9fdc-7bd6720a4d1f.mp4","720x1280","8.041667","fictional_or_generic; no real likeness; no logos","required_on_publish","PENDING: prompt_adherence __/5; motion __/5; anatomy_or_geometry __/5; artifacts __/5; reuse_value __/5","AWAITING_HUMAN_REVIEW","Hold prompt fixed; compare one model or one parameter only."
"2026-08-13T18:38:54.659044Z","OBS-ca9cf257","shared_account_completed_job_recovered_by_this_line","portrait","Same prompt and fixed output framing expose differences in motion coherence, prompt adherence, and artifact rate.","CTRL-PERSONA-STUDIO-V1","Vertical 9:16 creator-style video. An unmistakably adult fictional Korean virtual influencer in her late twenties, with no resemblance to any real person, sits in a softly lit modern creator studio. She wears a tasteful fitted red knit top with full coverage. Medium close-up, locked tripod, eye-level camera. She looks directly into the lens, taps her temple once as if acknowledging she is an AI character, then gives a candid amused smile. Mainstream SFW, realistic with a subtly stylized digital-human finish, natural skin texture, no readable text, no logos, no nudity, no transparent fabric, no sexual action.","wan2_7","{""aspect_ratio"":""9:16"",""duration"":5,""height"":1344,""medias"":[],""prompt"":""Vertical 9:16 creator-style video. An unmistakably adult fictional Korean virtual influencer in her late twenties, with no resemblance to any real person, sits in a softly lit modern creator studio. She wears a tasteful fitted red knit top with full coverage. Medium close-up, locked tripod, eye-level camera. She looks directly into the lens, taps her temple once as if acknowledging she is an AI character, then gives a candid amused smile. Mainstream SFW, realistic with a subtly stylized digital-human finish, natural skin texture, no readable text, no logos, no nudity, no transparent fabric, no sexual action."",""resolution"":""720p"",""width"":768}","7.5","7.5","","","ca9cf257-8163-4795-a0e0-57ecfafd5399","completed","","","not_exposed_by_CLI","https://d8j0ntlcm91z4.cloudfront.net/user_3EqxC7Y2r6lyY2vR25cT5zA8Leh/hf_20260813_183854_ca9cf257-8163-4795-a0e0-57ecfafd5399.mp4","media/ca9cf257-8163-4795-a0e0-57ecfafd5399.mp4","720x1280","5.038005","fictional_or_generic; no real likeness; no logos","required_on_publish","PENDING: prompt_adherence __/5; motion __/5; anatomy_or_geometry __/5; artifacts __/5; reuse_value __/5","AWAITING_HUMAN_REVIEW","Hold prompt fixed; compare one model or one parameter only."
"2026-08-13T18:36:26.537293Z","OBS-1782b6d7","shared_account_completed_job_recovered_by_this_line","product_text_free_scene","Same prompt and fixed output framing expose differences in motion coherence, prompt adherence, and artifact rate.","CTRL-VIDEO-PAPER-V1","Vertical framing. Overhead shot of a plain wooden desk. Three sheets of paper slide in and settle one by one with a soft paper rustle, then merge and compress into a single clean card. Warm cream and deep navy palette, paper grain, natural soft light, no text, no letters, no numbers anywhere.","kling3_0","{""aspect_ratio"":""9:16"",""cfg_scale"":0.5,""duration"":5,""enhance_prompt"":false,""height"":1920,""kling_element_ids"":[],""kling_elements"":[],""medias"":[],""mode"":""pro"",""multi_prompt"":[],""multi_shot_mode"":""custom"",""multi_shots"":false,""prompt"":""Vertical framing. Overhead shot of a plain wooden desk. Three sheets of paper slide in and settle one by one with a soft paper rustle, then merge and compress into a single clean card. Warm cream and deep navy palette, paper grain, natural soft light, no text, no letters, no numbers anywhere."",""reference_elements"":[],""sound"":""off"",""width"":1080}","8.75","8.75","","","1782b6d7-45df-49e2-9009-e4d35d8d9590","completed","","","not_exposed_by_CLI","https://d8j0ntlcm91z4.cloudfront.net/user_3EqxC7Y2r6lyY2vR25cT5zA8Leh/hf_20260813_183626_1782b6d7-45df-49e2-9009-e4d35d8d9590.mp4","media/1782b6d7-45df-49e2-9009-e4d35d8d9590.mp4","1080x1920","5","fictional_or_generic; no real likeness; no logos","required_on_publish","PENDING: prompt_adherence __/5; motion __/5; anatomy_or_geometry __/5; artifacts __/5; reuse_value __/5","AWAITING_HUMAN_REVIEW","Hold prompt fixed; compare one model or one parameter only."
"2026-08-13T18:35:35.7914Z","OBS-2986a2fd","shared_account_completed_job_recovered_by_this_line","product_text_free_scene","Same prompt and fixed output framing expose differences in motion coherence, prompt adherence, and artifact rate.","CTRL-VIDEO-CALENDAR-V1","Vertical framing. A wall calendar mounted on a plain wall, its paper pages flipping backward rapidly in a blur of motion, then settling on one single page as a deep red round rubber stamp presses down and its ink bleeds into the paper fibers. Beside the calendar a small mountain shaped line graph icon. Warm cream and deep navy palette, subtle paper grain, natural soft light, no text, no letters, no numbers anywhere.","kling2_6","{""aspect_ratio"":""9:16"",""cfg_scale"":0.5,""duration"":5,""height"":1920,""input_image"":null,""motion"":null,""negative_prompt"":null,""prompt"":""Vertical framing. A wall calendar mounted on a plain wall, its paper pages flipping backward rapidly in a blur of motion, then settling on one single page as a deep red round rubber stamp presses down and its ink bleeds into the paper fibers. Beside the calendar a small mountain shaped line graph icon. Warm cream and deep navy palette, subtle paper grain, natural soft light, no text, no letters, no numbers anywhere."",""sound"":true,""width"":1080}","10","10","","","2986a2fd-6f77-4b76-a1c8-dda7144034ea","completed","","","not_exposed_by_CLI","https://d8j0ntlcm91z4.cloudfront.net/user_3EqxC7Y2r6lyY2vR25cT5zA8Leh/hf_20260813_183535_2986a2fd-6f77-4b76-a1c8-dda7144034ea.mp4","media/2986a2fd-6f77-4b76-a1c8-dda7144034ea.mp4","1080x1920","5","fictional_or_generic; no real likeness; no logos","required_on_publish","PENDING: prompt_adherence __/5; motion __/5; anatomy_or_geometry __/5; artifacts __/5; reuse_value __/5","AWAITING_HUMAN_REVIEW","Hold prompt fixed; compare one model or one parameter only."
"2026-08-13T18:30:10.659541Z","OBS-44a4d511","shared_account_completed_job_recovered_by_this_line","product_text_free_scene","Same prompt and fixed output framing expose differences in motion coherence, prompt adherence, and artifact rate.","CTRL-VIDEO-CALENDAR-V1","Vertical framing. A wall calendar mounted on a plain wall, its paper pages flipping backward rapidly in a blur of motion, then settling on one single page as a deep red round rubber stamp presses down and its ink bleeds into the paper fibers. Beside the calendar a small mountain shaped line graph icon. Warm cream and deep navy palette, subtle paper grain, natural soft light, no text, no letters, no numbers anywhere.","minimax_h3","{""aigc_watermark"":false,""aspect_ratio"":""9:16"",""batch_size"":1,""duration"":6,""height"":2560,""medias"":[],""prompt"":""Vertical framing. A wall calendar mounted on a plain wall, its paper pages flipping backward rapidly in a blur of motion, then settling on one single page as a deep red round rubber stamp presses down and its ink bleeds into the paper fibers. Beside the calendar a small mountain shaped line graph icon. Warm cream and deep navy palette, subtle paper grain, natural soft light, no text, no letters, no numbers anywhere."",""resolution"":""2K"",""width"":1440}","24","24","","","44a4d511-78da-4154-88a0-b6e97aa3e404","completed","","","not_exposed_by_CLI","https://d8j0ntlcm91z4.cloudfront.net/user_3EqxC7Y2r6lyY2vR25cT5zA8Leh/hf_20260813_183010_44a4d511-78da-4154-88a0-b6e97aa3e404.mp4","media/44a4d511-78da-4154-88a0-b6e97aa3e404.mp4","1440x2560","6","fictional_or_generic; no real likeness; no logos","required_on_publish","PENDING: prompt_adherence __/5; motion __/5; anatomy_or_geometry __/5; artifacts __/5; reuse_value __/5","AWAITING_HUMAN_REVIEW","Hold prompt fixed; compare one model or one parameter only."
"2026-08-13T18:35:35.580217Z","OBS-581f0d3b","shared_account_completed_job_recovered_by_this_line","product_text_free_scene","Same prompt and fixed output framing expose differences in motion coherence, prompt adherence, and artifact rate.","CTRL-VIDEO-CALENDAR-V1","Vertical framing. A wall calendar mounted on a plain wall, its paper pages flipping backward rapidly in a blur of motion, then settling on one single page as a deep red round rubber stamp presses down and its ink bleeds into the paper fibers. Beside the calendar a small mountain shaped line graph icon. Warm cream and deep navy palette, subtle paper grain, natural soft light, no text, no letters, no numbers anywhere.","happy_horse_video","{""aspect_ratio"":""9:16"",""batch_size"":1,""duration"":5,""height"":1280,""medias"":[],""prompt"":""Vertical framing. A wall calendar mounted on a plain wall, its paper pages flipping backward rapidly in a blur of motion, then settling on one single page as a deep red round rubber stamp presses down and its ink bleeds into the paper fibers. Beside the calendar a small mountain shaped line graph icon. Warm cream and deep navy palette, subtle paper grain, natural soft light, no text, no letters, no numbers anywhere."",""resolution"":""720p"",""width"":720}","12.5","12.5","","","581f0d3b-0ed4-4d8d-811e-31797b0ee6fb","completed","","","not_exposed_by_CLI","https://d8j0ntlcm91z4.cloudfront.net/user_3EqxC7Y2r6lyY2vR25cT5zA8Leh/hf_20260813_183535_581f0d3b-0ed4-4d8d-811e-31797b0ee6fb.mp4","media/581f0d3b-0ed4-4d8d-811e-31797b0ee6fb.mp4","720x1280","5","fictional_or_generic; no real likeness; no logos","required_on_publish","PENDING: prompt_adherence __/5; motion __/5; anatomy_or_geometry __/5; artifacts __/5; reuse_value __/5","AWAITING_HUMAN_REVIEW","Hold prompt fixed; compare one model or one parameter only."
"2026-08-13T18:36:26.548681Z","OBS-5c787982","shared_account_completed_job_recovered_by_this_line","product_text_free_scene","Same prompt and fixed output framing expose differences in motion coherence, prompt adherence, and artifact rate.","CTRL-VIDEO-PAPER-V1","Vertical framing. Overhead shot of a plain wooden desk. Three sheets of paper slide in and settle one by one with a soft paper rustle, then merge and compress into a single clean card. Warm cream and deep navy palette, paper grain, natural soft light, no text, no letters, no numbers anywhere.","veo3_1_lite","{""aspect_ratio"":""9:16"",""duration"":8,""generate_audio"":false,""height"":1344,""medias"":[],""prompt"":""Vertical framing. Overhead shot of a plain wooden desk. Three sheets of paper slide in and settle one by one with a soft paper rustle, then merge and compress into a single clean card. Warm cream and deep navy palette, paper grain, natural soft light, no text, no letters, no numbers anywhere."",""resolution"":""720p"",""seed"":663739,""width"":768}","8","8","","","5c787982-1f00-4d91-b264-b80ed24eb9b2","completed","","","not_exposed_by_CLI","https://d8j0ntlcm91z4.cloudfront.net/user_3EqxC7Y2r6lyY2vR25cT5zA8Leh/hf_20260813_183626_5c787982-1f00-4d91-b264-b80ed24eb9b2.mp4","media/5c787982-1f00-4d91-b264-b80ed24eb9b2.mp4","768x1344","8","fictional_or_generic; no real likeness; no logos","required_on_publish","PENDING: prompt_adherence __/5; motion __/5; anatomy_or_geometry __/5; artifacts __/5; reuse_value __/5","AWAITING_HUMAN_REVIEW","Hold prompt fixed; compare one model or one parameter only."
"2026-08-13T18:36:26.551047Z","OBS-66b2359d","shared_account_completed_job_recovered_by_this_line","action_or_object_motion","Same prompt and fixed output framing expose differences in motion coherence, prompt adherence, and artifact rate.","CTRL-VIDEO-BUTTON-V1","Vertical framing. Close insert of a single human hand reaching toward a large glossy red button on a dark panel, the fingertip stopping abruptly one centimeter short and hovering, tension held. No face visible, no text, no letters, no numbers anywhere.","veo3_1_lite","{""aspect_ratio"":""9:16"",""duration"":8,""generate_audio"":false,""height"":1344,""medias"":[],""prompt"":""Vertical framing. Close insert of a single human hand reaching toward a large glossy red button on a dark panel, the fingertip stopping abruptly one centimeter short and hovering, tension held. No face visible, no text, no letters, no numbers anywhere."",""resolution"":""720p"",""seed"":951196,""width"":768}","8","8","","","66b2359d-1df8-4074-8b1f-117313711345","completed","","","not_exposed_by_CLI","https://d8j0ntlcm91z4.cloudfront.net/user_3EqxC7Y2r6lyY2vR25cT5zA8Leh/hf_20260813_183626_66b2359d-1df8-4074-8b1f-117313711345.mp4","media/66b2359d-1df8-4074-8b1f-117313711345.mp4","768x1344","8","fictional_or_generic; no real likeness; no logos","required_on_publish","PENDING: prompt_adherence __/5; motion __/5; anatomy_or_geometry __/5; artifacts __/5; reuse_value __/5","AWAITING_HUMAN_REVIEW","Hold prompt fixed; compare one model or one parameter only."
"2026-08-13T18:36:26.516232Z","OBS-6ec905ad","shared_account_completed_job_recovered_by_this_line","action_or_object_motion","Same prompt and fixed output framing expose differences in motion coherence, prompt adherence, and artifact rate.","CTRL-VIDEO-BUTTON-V1","Vertical framing. Close insert of a single human hand reaching toward a large glossy red button on a dark panel, the fingertip stopping abruptly one centimeter short and hovering, tension held. No face visible, no text, no letters, no numbers anywhere.","kling3_0","{""aspect_ratio"":""9:16"",""cfg_scale"":0.5,""duration"":5,""enhance_prompt"":false,""height"":1920,""kling_element_ids"":[],""kling_elements"":[],""medias"":[],""mode"":""pro"",""multi_prompt"":[],""multi_shot_mode"":""custom"",""multi_shots"":false,""prompt"":""Vertical framing. Close insert of a single human hand reaching toward a large glossy red button on a dark panel, the fingertip stopping abruptly one centimeter short and hovering, tension held. No face visible, no text, no letters, no numbers anywhere."",""reference_elements"":[],""sound"":""off"",""width"":1080}","8.75","8.75","","","6ec905ad-f7bd-4e57-a468-c75d15d26547","completed","","","not_exposed_by_CLI","https://d8j0ntlcm91z4.cloudfront.net/user_3EqxC7Y2r6lyY2vR25cT5zA8Leh/hf_20260813_183626_6ec905ad-f7bd-4e57-a468-c75d15d26547.mp4","media/6ec905ad-f7bd-4e57-a468-c75d15d26547.mp4","1080x1920","5","fictional_or_generic; no real likeness; no logos","required_on_publish","PENDING: prompt_adherence __/5; motion __/5; anatomy_or_geometry __/5; artifacts __/5; reuse_value __/5","AWAITING_HUMAN_REVIEW","Hold prompt fixed; compare one model or one parameter only."
"2026-08-13T18:30:10.550728Z","OBS-7bfa6acd","shared_account_completed_job_recovered_by_this_line","product_text_free_scene","Same prompt and fixed output framing expose differences in motion coherence, prompt adherence, and artifact rate.","CTRL-VIDEO-CALENDAR-V1","Vertical framing. A wall calendar mounted on a plain wall, its paper pages flipping backward rapidly in a blur of motion, then settling on one single page as a deep red round rubber stamp presses down and its ink bleeds into the paper fibers. Beside the calendar a small mountain shaped line graph icon. Warm cream and deep navy palette, subtle paper grain, natural soft light, no text, no letters, no numbers anywhere.","gemini_omni","{""aspect_ratio"":""9:16"",""batch_size"":1,""duration"":8,""height"":1280,""medias"":[],""prompt"":""Vertical framing. A wall calendar mounted on a plain wall, its paper pages flipping backward rapidly in a blur of motion, then settling on one single page as a deep red round rubber stamp presses down and its ink bleeds into the paper fibers. Beside the calendar a small mountain shaped line graph icon. Warm cream and deep navy palette, subtle paper grain, natural soft light, no text, no letters, no numbers anywhere."",""resolution"":""720p"",""seed"":458725,""width"":720}","24","24","","","7bfa6acd-6010-4efb-9277-a7a8406e8bcb","completed","","","not_exposed_by_CLI","https://d8j0ntlcm91z4.cloudfront.net/user_3EqxC7Y2r6lyY2vR25cT5zA8Leh/hf_20260813_183010_7bfa6acd-6010-4efb-9277-a7a8406e8bcb.mp4","media/7bfa6acd-6010-4efb-9277-a7a8406e8bcb.mp4","720x1280","8","fictional_or_generic; no real likeness; no logos","required_on_publish","PENDING: prompt_adherence __/5; motion __/5; anatomy_or_geometry __/5; artifacts __/5; reuse_value __/5","AWAITING_HUMAN_REVIEW","Hold prompt fixed; compare one model or one parameter only."
"2026-08-13T18:35:36.274602Z","OBS-bb81d5d8","shared_account_completed_job_recovered_by_this_line","product_text_free_scene","Same prompt and fixed output framing expose differences in motion coherence, prompt adherence, and artifact rate.","CTRL-VIDEO-CALENDAR-V1","Vertical framing. A wall calendar mounted on a plain wall, its paper pages flipping backward rapidly in a blur of motion, then settling on one single page as a deep red round rubber stamp presses down and its ink bleeds into the paper fibers. Beside the calendar a small mountain shaped line graph icon. Warm cream and deep navy palette, subtle paper grain, natural soft light, no text, no letters, no numbers anywhere.","seedance_2_5","{""aspect_ratio"":""9:16"",""bitrate_mode"":""standard"",""duration"":5,""extension_mode"":null,""generate_audio"":true,""genre"":""auto"",""height"":1280,""medias"":[],""model"":""default"",""multi_prompt"":[],""multi_shot_mode"":""custom"",""multi_shots"":false,""prompt"":""Vertical framing. A wall calendar mounted on a plain wall, its paper pages flipping backward rapidly in a blur of motion, then settling on one single page as a deep red round rubber stamp presses down and its ink bleeds into the paper fibers. Beside the calendar a small mountain shaped line graph icon. Warm cream and deep navy palette, subtle paper grain, natural soft light, no text, no letters, no numbers anywhere."",""prompt_language"":""en"",""reference_elements"":[],""resolution"":""720p"",""speedramp"":""auto"",""width"":720}","32.5","32.5","","","bb81d5d8-ed02-4f19-9218-11079bec2490","completed","","","not_exposed_by_CLI","https://d8j0ntlcm91z4.cloudfront.net/user_3EqxC7Y2r6lyY2vR25cT5zA8Leh/hf_20260813_183536_bb81d5d8-ed02-4f19-9218-11079bec2490.mp4","media/bb81d5d8-ed02-4f19-9218-11079bec2490.mp4","720x1280","5","fictional_or_generic; no real likeness; no logos","required_on_publish","PENDING: prompt_adherence __/5; motion __/5; anatomy_or_geometry __/5; artifacts __/5; reuse_value __/5","AWAITING_HUMAN_REVIEW","Hold prompt fixed; compare one model or one parameter only."
"2026-08-13T18:35:35.725403Z","OBS-bd10bfb3","shared_account_completed_job_recovered_by_this_line","product_text_free_scene","Same prompt and fixed output framing expose differences in motion coherence, prompt adherence, and artifact rate.","CTRL-VIDEO-CALENDAR-V1","Vertical framing. A wall calendar mounted on a plain wall, its paper pages flipping backward rapidly in a blur of motion, then settling on one single page as a deep red round rubber stamp presses down and its ink bleeds into the paper fibers. Beside the calendar a small mountain shaped line graph icon. Warm cream and deep navy palette, subtle paper grain, natural soft light, no text, no letters, no numbers anywhere.","cinematic_studio_3_0","{""aspect_ratio"":""9:16"",""duration"":5,""generate_audio"":false,""genre"":""auto"",""height"":1344,""medias"":[],""multi_prompt"":[],""multi_shot_mode"":""custom"",""multi_shots"":false,""prompt"":""Vertical framing. A wall calendar mounted on a plain wall, its paper pages flipping backward rapidly in a blur of motion, then settling on one single page as a deep red round rubber stamp presses down and its ink bleeds into the paper fibers. Beside the calendar a small mountain shaped line graph icon. Warm cream and deep navy palette, subtle paper grain, natural soft light, no text, no letters, no numbers anywhere."",""prompt_language"":""en"",""reference_elements"":[],""resolution"":""720p"",""speedramp"":""auto"",""width"":768}","25","25","","","bd10bfb3-f813-4f0e-b270-ec3177cb9383","completed","","","not_exposed_by_CLI","https://d8j0ntlcm91z4.cloudfront.net/user_3EqxC7Y2r6lyY2vR25cT5zA8Leh/hf_20260813_183535_bd10bfb3-f813-4f0e-b270-ec3177cb9383.mp4","media/bd10bfb3-f813-4f0e-b270-ec3177cb9383.mp4","768x1344","5","fictional_or_generic; no real likeness; no logos","required_on_publish","PENDING: prompt_adherence __/5; motion __/5; anatomy_or_geometry __/5; artifacts __/5; reuse_value __/5","AWAITING_HUMAN_REVIEW","Hold prompt fixed; compare one model or one parameter only."
"2026-08-13T18:30:10.542822Z","OBS-c0d77b0d","shared_account_completed_job_recovered_by_this_line","product_text_free_scene","Same prompt and fixed output framing expose differences in motion coherence, prompt adherence, and artifact rate.","CTRL-VIDEO-CALENDAR-V1","Vertical framing. A wall calendar mounted on a plain wall, its paper pages flipping backward rapidly in a blur of motion, then settling on one single page as a deep red round rubber stamp presses down and its ink bleeds into the paper fibers. Beside the calendar a small mountain shaped line graph icon. Warm cream and deep navy palette, subtle paper grain, natural soft light, no text, no letters, no numbers anywhere.","seedance_2_0","{""aspect_ratio"":""9:16"",""bitrate_mode"":""standard"",""duration"":5,""generate_audio"":true,""genre"":""auto"",""height"":1280,""medias"":[],""mode"":""std"",""model"":""seedance_2_0"",""multi_prompt"":[],""multi_shot_mode"":""custom"",""multi_shots"":false,""prompt"":""Vertical framing. A wall calendar mounted on a plain wall, its paper pages flipping backward rapidly in a blur of motion, then settling on one single page as a deep red round rubber stamp presses down and its ink bleeds into the paper fibers. Beside the calendar a small mountain shaped line graph icon. Warm cream and deep navy palette, subtle paper grain, natural soft light, no text, no letters, no numbers anywhere."",""prompt_language"":""en"",""reference_elements"":[],""resolution"":""720p"",""speedramp"":""auto"",""width"":720}","22.5","22.5","","","c0d77b0d-93e7-4b53-a59f-0978ef7f4811","completed","","","not_exposed_by_CLI","https://d8j0ntlcm91z4.cloudfront.net/user_3EqxC7Y2r6lyY2vR25cT5zA8Leh/hf_20260813_183010_c0d77b0d-93e7-4b53-a59f-0978ef7f4811.mp4","media/c0d77b0d-93e7-4b53-a59f-0978ef7f4811.mp4","720x1280","5","fictional_or_generic; no real likeness; no logos","required_on_publish","PENDING: prompt_adherence __/5; motion __/5; anatomy_or_geometry __/5; artifacts __/5; reuse_value __/5","AWAITING_HUMAN_REVIEW","Hold prompt fixed; compare one model or one parameter only."
"2026-08-13T18:30:10.670722Z","OBS-cad5057e","shared_account_completed_job_recovered_by_this_line","product_text_free_scene","Same prompt and fixed output framing expose differences in motion coherence, prompt adherence, and artifact rate.","CTRL-VIDEO-CALENDAR-V1","Vertical framing. A wall calendar mounted on a plain wall, its paper pages flipping backward rapidly in a blur of motion, then settling on one single page as a deep red round rubber stamp presses down and its ink bleeds into the paper fibers. Beside the calendar a small mountain shaped line graph icon. Warm cream and deep navy palette, subtle paper grain, natural soft light, no text, no letters, no numbers anywhere.","wan3_0","{""aspect_ratio"":""9:16"",""duration"":5,""generate_audio"":true,""height"":1344,""medias"":[],""prompt"":""Vertical framing. A wall calendar mounted on a plain wall, its paper pages flipping backward rapidly in a blur of motion, then settling on one single page as a deep red round rubber stamp presses down and its ink bleeds into the paper fibers. Beside the calendar a small mountain shaped line graph icon. Warm cream and deep navy palette, subtle paper grain, natural soft light, no text, no letters, no numbers anywhere."",""resolution"":""720p"",""width"":768}","12.5","12.5","","","cad5057e-bb87-4a0e-a628-d20b48025b77","completed","","","not_exposed_by_CLI","https://d8j0ntlcm91z4.cloudfront.net/user_3EqxC7Y2r6lyY2vR25cT5zA8Leh/hf_20260813_183010_cad5057e-bb87-4a0e-a628-d20b48025b77.mp4","media/cad5057e-bb87-4a0e-a628-d20b48025b77.mp4","768x1344","5","fictional_or_generic; no real likeness; no logos","required_on_publish","PENDING: prompt_adherence __/5; motion __/5; anatomy_or_geometry __/5; artifacts __/5; reuse_value __/5","AWAITING_HUMAN_REVIEW","Hold prompt fixed; compare one model or one parameter only."
"2026-08-13T18:35:35.614829Z","OBS-f0a6df0f","shared_account_completed_job_recovered_by_this_line","product_text_free_scene","Same prompt and fixed output framing expose differences in motion coherence, prompt adherence, and artifact rate.","CTRL-VIDEO-CALENDAR-V1","Vertical framing. A wall calendar mounted on a plain wall, its paper pages flipping backward rapidly in a blur of motion, then settling on one single page as a deep red round rubber stamp presses down and its ink bleeds into the paper fibers. Beside the calendar a small mountain shaped line graph icon. Warm cream and deep navy palette, subtle paper grain, natural soft light, no text, no letters, no numbers anywhere.","wan2_6","{""aspect_ratio"":""9:16"",""duration"":5,""height"":1344,""input_audio"":null,""input_images"":[],""input_videos"":[],""multi_shots"":false,""prompt"":""Vertical framing. A wall calendar mounted on a plain wall, its paper pages flipping backward rapidly in a blur of motion, then settling on one single page as a deep red round rubber stamp presses down and its ink bleeds into the paper fibers. Beside the calendar a small mountain shaped line graph icon. Warm cream and deep navy palette, subtle paper grain, natural soft light, no text, no letters, no numbers anywhere."",""quality"":""720p"",""seed"":235045,""width"":768}","13","13","","","f0a6df0f-bec9-4a84-a419-b5ec2d98f9c2","completed","","","not_exposed_by_CLI","https://d8j0ntlcm91z4.cloudfront.net/user_3EqxC7Y2r6lyY2vR25cT5zA8Leh/hf_20260813_183535_f0a6df0f-bec9-4a84-a419-b5ec2d98f9c2.mp4","media/f0a6df0f-bec9-4a84-a419-b5ec2d98f9c2.mp4","768x1344","5","fictional_or_generic; no real likeness; no logos","required_on_publish","PENDING: prompt_adherence __/5; motion __/5; anatomy_or_geometry __/5; artifacts __/5; reuse_value __/5","AWAITING_HUMAN_REVIEW","Hold prompt fixed; compare one model or one parameter only."
"2026-08-13T18:30:10.600229Z","OBS-f1315fce","shared_account_completed_job_recovered_by_this_line","product_text_free_scene","Same prompt and fixed output framing expose differences in motion coherence, prompt adherence, and artifact rate.","CTRL-VIDEO-CALENDAR-V1","Vertical framing. A wall calendar mounted on a plain wall, its paper pages flipping backward rapidly in a blur of motion, then settling on one single page as a deep red round rubber stamp presses down and its ink bleeds into the paper fibers. Beside the calendar a small mountain shaped line graph icon. Warm cream and deep navy palette, subtle paper grain, natural soft light, no text, no letters, no numbers anywhere.","kling3_0","{""aspect_ratio"":""9:16"",""cfg_scale"":0.5,""duration"":10,""enhance_prompt"":false,""height"":3840,""kling_element_ids"":[],""kling_elements"":[],""medias"":[],""mode"":""4k"",""multi_prompt"":[],""multi_shot_mode"":""custom"",""multi_shots"":false,""prompt"":""Vertical framing. A wall calendar mounted on a plain wall, its paper pages flipping backward rapidly in a blur of motion, then settling on one single page as a deep red round rubber stamp presses down and its ink bleeds into the paper fibers. Beside the calendar a small mountain shaped line graph icon. Warm cream and deep navy palette, subtle paper grain, natural soft light, no text, no letters, no numbers anywhere."",""reference_elements"":[],""sound"":""on"",""width"":2160}","60","60","","","f1315fce-6487-45ba-a064-2081a8b0ccaf","completed","","","not_exposed_by_CLI","https://d8j0ntlcm91z4.cloudfront.net/user_3EqxC7Y2r6lyY2vR25cT5zA8Leh/hf_20260813_183010_f1315fce-6487-45ba-a064-2081a8b0ccaf.mp4","media/f1315fce-6487-45ba-a064-2081a8b0ccaf.mp4","2160x3840","10","fictional_or_generic; no real likeness; no logos","required_on_publish","PENDING: prompt_adherence __/5; motion __/5; anatomy_or_geometry __/5; artifacts __/5; reuse_value __/5","AWAITING_HUMAN_REVIEW","Hold prompt fixed; compare one model or one parameter only."
"2026-08-14T03:41:00+09:00","QUOTE-flux_2","this_line_cli_preflight","portrait_product","Default-parameter price establishes the cost denominator before controlled quality testing.","CTRL-IMAGE-PORTRAIT-PRODUCT-V1","A rights-clean studio photograph of a fictional adult ceramic designer beside an unbranded cobalt vase, original face, no resemblance to any real person, no readable text, no logos, photorealistic natural light.","flux_2","{""prompt"":""A rights-clean studio photograph of a fictional adult ceramic designer beside an unbranded cobalt vase, original face, no resemblance to any real person, no readable text, no logos, photorealistic natural light."",""defaults"":true}","1","0","0","0","","PREFLIGHT_COST_OK_NO_SUBMISSION","balance_guard","Active workspace reported 0 credits. New submissions prohibited at or below 50-credit safety floor.","0","","logs/cost-flux_2.json","","","safe fictional prompt","required_on_publish","NOT_APPLICABLE_NO_RENDER","BLOCKED_BALANCE","Run one controlled render only after credits exceed safety floor."
"2026-08-14T03:41:00+09:00","QUOTE-flux_3_video","this_line_cli_preflight","action","Default-parameter price establishes the cost denominator before controlled quality testing.","CTRL-ACTION-COURIER-V1","Vertical 9:16, exactly five seconds. A completely fictional adult courier in a plain cobalt jacket runs through a rain-lit invented market, jumps over one shallow puddle, lands safely, and keeps running. Original face, no resemblance to any real person. One continuous side-tracking shot, physically credible anatomy, no logos, no brands, no readable text, no watermark, no dialogue, silent visual only.","flux_3_video","{""prompt"":""Vertical 9:16, exactly five seconds. A completely fictional adult courier in a plain cobalt jacket runs through a rain-lit invented market, jumps over one shallow puddle, lands safely, and keeps running. Original face, no resemblance to any real person. One continuous side-tracking shot, physically credible anatomy, no logos, no brands, no readable text, no watermark, no dialogue, silent visual only."",""defaults"":true}","27.5","0","0","0","","PREFLIGHT_COST_OK_NO_SUBMISSION","balance_guard","Active workspace reported 0 credits. New submissions prohibited at or below 50-credit safety floor.","0","","logs/cost-flux_3_video.json","","","safe fictional prompt","required_on_publish","NOT_APPLICABLE_NO_RENDER","BLOCKED_BALANCE","Run one controlled render only after credits exceed safety floor."
"2026-08-14T03:41:00+09:00","QUOTE-flux_kontext","this_line_cli_preflight","portrait_product","Default-parameter price establishes the cost denominator before controlled quality testing.","CTRL-IMAGE-PORTRAIT-PRODUCT-V1","A rights-clean studio photograph of a fictional adult ceramic designer beside an unbranded cobalt vase, original face, no resemblance to any real person, no readable text, no logos, photorealistic natural light.","flux_kontext","{""prompt"":""A rights-clean studio photograph of a fictional adult ceramic designer beside an unbranded cobalt vase, original face, no resemblance to any real person, no readable text, no logos, photorealistic natural light."",""defaults"":true}","1.5","0","0","0","","PREFLIGHT_COST_OK_NO_SUBMISSION","balance_guard","Active workspace reported 0 credits. New submissions prohibited at or below 50-credit safety floor.","0","","logs/cost-flux_kontext.json","","","safe fictional prompt","required_on_publish","NOT_APPLICABLE_NO_RENDER","BLOCKED_BALANCE","Run one controlled render only after credits exceed safety floor."
"2026-08-14T03:41:00+09:00","QUOTE-gemini_omni","this_line_cli_preflight","action","Default-parameter price establishes the cost denominator before controlled quality testing.","CTRL-ACTION-COURIER-V1","Vertical 9:16, exactly five seconds. A completely fictional adult courier in a plain cobalt jacket runs through a rain-lit invented market, jumps over one shallow puddle, lands safely, and keeps running. Original face, no resemblance to any real person. One continuous side-tracking shot, physically credible anatomy, no logos, no brands, no readable text, no watermark, no dialogue, silent visual only.","gemini_omni","{""prompt"":""Vertical 9:16, exactly five seconds. A completely fictional adult courier in a plain cobalt jacket runs through a rain-lit invented market, jumps over one shallow puddle, lands safely, and keeps running. Original face, no resemblance to any real person. One continuous side-tracking shot, physically credible anatomy, no logos, no brands, no readable text, no watermark, no dialogue, silent visual only."",""defaults"":true}","24","0","0","0","","PREFLIGHT_COST_OK_NO_SUBMISSION","balance_guard","Active workspace reported 0 credits. New submissions prohibited at or below 50-credit safety floor.","0","","logs/cost-gemini_omni.json","","","safe fictional prompt","required_on_publish","NOT_APPLICABLE_NO_RENDER","BLOCKED_BALANCE","Run one controlled render only after credits exceed safety floor."
"2026-08-14T03:41:00+09:00","QUOTE-gpt_image_2","this_line_cli_preflight","portrait_product","Default-parameter price establishes the cost denominator before controlled quality testing.","CTRL-IMAGE-PORTRAIT-PRODUCT-V1","A rights-clean studio photograph of a fictional adult ceramic designer beside an unbranded cobalt vase, original face, no resemblance to any real person, no readable text, no logos, photorealistic natural light.","gpt_image_2","{""prompt"":""A rights-clean studio photograph of a fictional adult ceramic designer beside an unbranded cobalt vase, original face, no resemblance to any real person, no readable text, no logos, photorealistic natural light."",""defaults"":true}","7","0","0","0","","PREFLIGHT_COST_OK_NO_SUBMISSION","balance_guard","Active workspace reported 0 credits. New submissions prohibited at or below 50-credit safety floor.","0","","logs/cost-gpt_image_2.json","","","safe fictional prompt","required_on_publish","NOT_APPLICABLE_NO_RENDER","BLOCKED_BALANCE","Run one controlled render only after credits exceed safety floor."
"2026-08-14T03:41:00+09:00","QUOTE-grok_image","this_line_cli_preflight","portrait_product","Default-parameter price establishes the cost denominator before controlled quality testing.","CTRL-IMAGE-PORTRAIT-PRODUCT-V1","A rights-clean studio photograph of a fictional adult ceramic designer beside an unbranded cobalt vase, original face, no resemblance to any real person, no readable text, no logos, photorealistic natural light.","grok_image","{""prompt"":""A rights-clean studio photograph of a fictional adult ceramic designer beside an unbranded cobalt vase, original face, no resemblance to any real person, no readable text, no logos, photorealistic natural light."",""defaults"":true}","1","0","0","0","","PREFLIGHT_COST_OK_NO_SUBMISSION","balance_guard","Active workspace reported 0 credits. New submissions prohibited at or below 50-credit safety floor.","0","","logs/cost-grok_image.json","","","safe fictional prompt","required_on_publish","NOT_APPLICABLE_NO_RENDER","BLOCKED_BALANCE","Run one controlled render only after credits exceed safety floor."
"2026-08-14T03:41:00+09:00","QUOTE-grok_video","this_line_cli_preflight","action","Default-parameter price establishes the cost denominator before controlled quality testing.","CTRL-ACTION-COURIER-V1","Vertical 9:16, exactly five seconds. A completely fictional adult courier in a plain cobalt jacket runs through a rain-lit invented market, jumps over one shallow puddle, lands safely, and keeps running. Original face, no resemblance to any real person. One continuous side-tracking shot, physically credible anatomy, no logos, no brands, no readable text, no watermark, no dialogue, silent visual only.","grok_video","{""prompt"":""Vertical 9:16, exactly five seconds. A completely fictional adult courier in a plain cobalt jacket runs through a rain-lit invented market, jumps over one shallow puddle, lands safely, and keeps running. Original face, no resemblance to any real person. One continuous side-tracking shot, physically credible anatomy, no logos, no brands, no readable text, no watermark, no dialogue, silent visual only."",""defaults"":true}","7.5","0","0","0","","PREFLIGHT_COST_OK_NO_SUBMISSION","balance_guard","Active workspace reported 0 credits. New submissions prohibited at or below 50-credit safety floor.","0","","logs/cost-grok_video.json","","","safe fictional prompt","required_on_publish","NOT_APPLICABLE_NO_RENDER","BLOCKED_BALANCE","Run one controlled render only after credits exceed safety floor."
"2026-08-14T03:41:00+09:00","QUOTE-grok_video_v15","this_line_cli_preflight","action","Default-parameter price establishes the cost denominator before controlled quality testing.","CTRL-ACTION-COURIER-V1","Vertical 9:16, exactly five seconds. A completely fictional adult courier in a plain cobalt jacket runs through a rain-lit invented market, jumps over one shallow puddle, lands safely, and keeps running. Original face, no resemblance to any real person. One continuous side-tracking shot, physically credible anatomy, no logos, no brands, no readable text, no watermark, no dialogue, silent visual only.","grok_video_v15","{""prompt"":""Vertical 9:16, exactly five seconds. A completely fictional adult courier in a plain cobalt jacket runs through a rain-lit invented market, jumps over one shallow puddle, lands safely, and keeps running. Original face, no resemblance to any real person. One continuous side-tracking shot, physically credible anatomy, no logos, no brands, no readable text, no watermark, no dialogue, silent visual only."",""defaults"":true}","22.5","0","0","0","","PREFLIGHT_COST_OK_NO_SUBMISSION","balance_guard","Active workspace reported 0 credits. New submissions prohibited at or below 50-credit safety floor.","0","","logs/cost-grok_video_v15.json","","","safe fictional prompt","required_on_publish","NOT_APPLICABLE_NO_RENDER","BLOCKED_BALANCE","Run one controlled render only after credits exceed safety floor."
"2026-08-14T03:41:00+09:00","QUOTE-happy_horse_video","this_line_cli_preflight","action","Default-parameter price establishes the cost denominator before controlled quality testing.","CTRL-ACTION-COURIER-V1","Vertical 9:16, exactly five seconds. A completely fictional adult courier in a plain cobalt jacket runs through a rain-lit invented market, jumps over one shallow puddle, lands safely, and keeps running. Original face, no resemblance to any real person. One continuous side-tracking shot, physically credible anatomy, no logos, no brands, no readable text, no watermark, no dialogue, silent visual only.","happy_horse_video","{""prompt"":""Vertical 9:16, exactly five seconds. A completely fictional adult courier in a plain cobalt jacket runs through a rain-lit invented market, jumps over one shallow puddle, lands safely, and keeps running. Original face, no resemblance to any real person. One continuous side-tracking shot, physically credible anatomy, no logos, no brands, no readable text, no watermark, no dialogue, silent visual only."",""defaults"":true}","12.5","0","0","0","","PREFLIGHT_COST_OK_NO_SUBMISSION","balance_guard","Active workspace reported 0 credits. New submissions prohibited at or below 50-credit safety floor.","0","","logs/cost-happy_horse_video.json","","","safe fictional prompt","required_on_publish","NOT_APPLICABLE_NO_RENDER","BLOCKED_BALANCE","Run one controlled render only after credits exceed safety floor."
"2026-08-14T03:41:00+09:00","QUOTE-image_auto","this_line_cli_preflight","portrait_product","Default-parameter price establishes the cost denominator before controlled quality testing.","CTRL-IMAGE-PORTRAIT-PRODUCT-V1","A rights-clean studio photograph of a fictional adult ceramic designer beside an unbranded cobalt vase, original face, no resemblance to any real person, no readable text, no logos, photorealistic natural light.","image_auto","{""prompt"":""A rights-clean studio photograph of a fictional adult ceramic designer beside an unbranded cobalt vase, original face, no resemblance to any real person, no readable text, no logos, photorealistic natural light."",""defaults"":true}","2","0","0","0","","PREFLIGHT_COST_OK_NO_SUBMISSION","balance_guard","Active workspace reported 0 credits. New submissions prohibited at or below 50-credit safety floor.","0","","logs/cost-image_auto.json","","","safe fictional prompt","required_on_publish","NOT_APPLICABLE_NO_RENDER","BLOCKED_BALANCE","Run one controlled render only after credits exceed safety floor."
"2026-08-14T03:41:00+09:00","QUOTE-kling2_6","this_line_cli_preflight","action","Default-parameter price establishes the cost denominator before controlled quality testing.","CTRL-ACTION-COURIER-V1","Vertical 9:16, exactly five seconds. A completely fictional adult courier in a plain cobalt jacket runs through a rain-lit invented market, jumps over one shallow puddle, lands safely, and keeps running. Original face, no resemblance to any real person. One continuous side-tracking shot, physically credible anatomy, no logos, no brands, no readable text, no watermark, no dialogue, silent visual only.","kling2_6","{""prompt"":""Vertical 9:16, exactly five seconds. A completely fictional adult courier in a plain cobalt jacket runs through a rain-lit invented market, jumps over one shallow puddle, lands safely, and keeps running. Original face, no resemblance to any real person. One continuous side-tracking shot, physically credible anatomy, no logos, no brands, no readable text, no watermark, no dialogue, silent visual only."",""defaults"":true}","10","0","0","0","","PREFLIGHT_COST_OK_NO_SUBMISSION","balance_guard","Active workspace reported 0 credits. New submissions prohibited at or below 50-credit safety floor.","0","","logs/cost-kling2_6.json","","","safe fictional prompt","required_on_publish","NOT_APPLICABLE_NO_RENDER","BLOCKED_BALANCE","Run one controlled render only after credits exceed safety floor."
"2026-08-14T03:41:00+09:00","QUOTE-kling3_0","this_line_cli_preflight","action","Default-parameter price establishes the cost denominator before controlled quality testing.","CTRL-ACTION-COURIER-V1","Vertical 9:16, exactly five seconds. A completely fictional adult courier in a plain cobalt jacket runs through a rain-lit invented market, jumps over one shallow puddle, lands safely, and keeps running. Original face, no resemblance to any real person. One continuous side-tracking shot, physically credible anatomy, no logos, no brands, no readable text, no watermark, no dialogue, silent visual only.","kling3_0","{""prompt"":""Vertical 9:16, exactly five seconds. A completely fictional adult courier in a plain cobalt jacket runs through a rain-lit invented market, jumps over one shallow puddle, lands safely, and keeps running. Original face, no resemblance to any real person. One continuous side-tracking shot, physically credible anatomy, no logos, no brands, no readable text, no watermark, no dialogue, silent visual only."",""defaults"":true}","10","0","0","0","","PREFLIGHT_COST_OK_NO_SUBMISSION","balance_guard","Active workspace reported 0 credits. New submissions prohibited at or below 50-credit safety floor.","0","","logs/cost-kling3_0.json","","","safe fictional prompt","required_on_publish","NOT_APPLICABLE_NO_RENDER","BLOCKED_BALANCE","Run one controlled render only after credits exceed safety floor."
"2026-08-14T03:41:00+09:00","QUOTE-kling3_0_turbo","this_line_cli_preflight","action","Default-parameter price establishes the cost denominator before controlled quality testing.","CTRL-ACTION-COURIER-V1","Vertical 9:16, exactly five seconds. A completely fictional adult courier in a plain cobalt jacket runs through a rain-lit invented market, jumps over one shallow puddle, lands safely, and keeps running. Original face, no resemblance to any real person. One continuous side-tracking shot, physically credible anatomy, no logos, no brands, no readable text, no watermark, no dialogue, silent visual only.","kling3_0_turbo","{""prompt"":""Vertical 9:16, exactly five seconds. A completely fictional adult courier in a plain cobalt jacket runs through a rain-lit invented market, jumps over one shallow puddle, lands safely, and keeps running. Original face, no resemblance to any real person. One continuous side-tracking shot, physically credible anatomy, no logos, no brands, no readable text, no watermark, no dialogue, silent visual only."",""defaults"":true}","7.5","0","0","0","","PREFLIGHT_COST_OK_NO_SUBMISSION","balance_guard","Active workspace reported 0 credits. New submissions prohibited at or below 50-credit safety floor.","0","","logs/cost-kling3_0_turbo.json","","","safe fictional prompt","required_on_publish","NOT_APPLICABLE_NO_RENDER","BLOCKED_BALANCE","Run one controlled render only after credits exceed safety floor."
"2026-08-14T03:41:00+09:00","QUOTE-kling_omni_image","this_line_cli_preflight","portrait_product","Default-parameter price establishes the cost denominator before controlled quality testing.","CTRL-IMAGE-PORTRAIT-PRODUCT-V1","A rights-clean studio photograph of a fictional adult ceramic designer beside an unbranded cobalt vase, original face, no resemblance to any real person, no readable text, no logos, photorealistic natural light.","kling_omni_image","{""prompt"":""A rights-clean studio photograph of a fictional adult ceramic designer beside an unbranded cobalt vase, original face, no resemblance to any real person, no readable text, no logos, photorealistic natural light."",""defaults"":true}","0.5","0","0","0","","PREFLIGHT_COST_OK_NO_SUBMISSION","balance_guard","Active workspace reported 0 credits. New submissions prohibited at or below 50-credit safety floor.","0","","logs/cost-kling_omni_image.json","","","safe fictional prompt","required_on_publish","NOT_APPLICABLE_NO_RENDER","BLOCKED_BALANCE","Run one controlled render only after credits exceed safety floor."
"2026-08-14T03:41:00+09:00","QUOTE-minimax_h3","this_line_cli_preflight","action","Default-parameter price establishes the cost denominator before controlled quality testing.","CTRL-ACTION-COURIER-V1","Vertical 9:16, exactly five seconds. A completely fictional adult courier in a plain cobalt jacket runs through a rain-lit invented market, jumps over one shallow puddle, lands safely, and keeps running. Original face, no resemblance to any real person. One continuous side-tracking shot, physically credible anatomy, no logos, no brands, no readable text, no watermark, no dialogue, silent visual only.","minimax_h3","{""prompt"":""Vertical 9:16, exactly five seconds. A completely fictional adult courier in a plain cobalt jacket runs through a rain-lit invented market, jumps over one shallow puddle, lands safely, and keeps running. Original face, no resemblance to any real person. One continuous side-tracking shot, physically credible anatomy, no logos, no brands, no readable text, no watermark, no dialogue, silent visual only."",""defaults"":true}","20","0","0","0","","PREFLIGHT_COST_OK_NO_SUBMISSION","balance_guard","Active workspace reported 0 credits. New submissions prohibited at or below 50-credit safety floor.","0","","logs/cost-minimax_h3.json","","","safe fictional prompt","required_on_publish","NOT_APPLICABLE_NO_RENDER","BLOCKED_BALANCE","Run one controlled render only after credits exceed safety floor."
"2026-08-14T03:41:00+09:00","QUOTE-minimax_hailuo","this_line_cli_preflight","action","Default-parameter price establishes the cost denominator before controlled quality testing.","CTRL-ACTION-COURIER-V1","Vertical 9:16, exactly five seconds. A completely fictional adult courier in a plain cobalt jacket runs through a rain-lit invented market, jumps over one shallow puddle, lands safely, and keeps running. Original face, no resemblance to any real person. One continuous side-tracking shot, physically credible anatomy, no logos, no brands, no readable text, no watermark, no dialogue, silent visual only.","minimax_hailuo","{""prompt"":""Vertical 9:16, exactly five seconds. A completely fictional adult courier in a plain cobalt jacket runs through a rain-lit invented market, jumps over one shallow puddle, lands safely, and keeps running. Original face, no resemblance to any real person. One continuous side-tracking shot, physically credible anatomy, no logos, no brands, no readable text, no watermark, no dialogue, silent visual only."",""defaults"":true}","6","0","0","0","","PREFLIGHT_COST_OK_NO_SUBMISSION","balance_guard","Active workspace reported 0 credits. New submissions prohibited at or below 50-credit safety floor.","0","","logs/cost-minimax_hailuo.json","","","safe fictional prompt","required_on_publish","NOT_APPLICABLE_NO_RENDER","BLOCKED_BALANCE","Run one controlled render only after credits exceed safety floor."
"2026-08-14T03:41:00+09:00","QUOTE-nano_banana","this_line_cli_preflight","portrait_product","Default-parameter price establishes the cost denominator before controlled quality testing.","CTRL-IMAGE-PORTRAIT-PRODUCT-V1","A rights-clean studio photograph of a fictional adult ceramic designer beside an unbranded cobalt vase, original face, no resemblance to any real person, no readable text, no logos, photorealistic natural light.","nano_banana","{""prompt"":""A rights-clean studio photograph of a fictional adult ceramic designer beside an unbranded cobalt vase, original face, no resemblance to any real person, no readable text, no logos, photorealistic natural light."",""defaults"":true}","1","0","0","0","","PREFLIGHT_COST_OK_NO_SUBMISSION","balance_guard","Active workspace reported 0 credits. New submissions prohibited at or below 50-credit safety floor.","0","","logs/cost-nano_banana.json","","","safe fictional prompt","required_on_publish","NOT_APPLICABLE_NO_RENDER","BLOCKED_BALANCE","Run one controlled render only after credits exceed safety floor."
"2026-08-14T03:41:00+09:00","QUOTE-nano_banana_2_lite","this_line_cli_preflight","portrait_product","Default-parameter price establishes the cost denominator before controlled quality testing.","CTRL-IMAGE-PORTRAIT-PRODUCT-V1","A rights-clean studio photograph of a fictional adult ceramic designer beside an unbranded cobalt vase, original face, no resemblance to any real person, no readable text, no logos, photorealistic natural light.","nano_banana_2_lite","{""prompt"":""A rights-clean studio photograph of a fictional adult ceramic designer beside an unbranded cobalt vase, original face, no resemblance to any real person, no readable text, no logos, photorealistic natural light."",""defaults"":true}","1","0","0","0","","PREFLIGHT_COST_OK_NO_SUBMISSION","balance_guard","Active workspace reported 0 credits. New submissions prohibited at or below 50-credit safety floor.","0","","logs/cost-nano_banana_2_lite.json","","","safe fictional prompt","required_on_publish","NOT_APPLICABLE_NO_RENDER","BLOCKED_BALANCE","Run one controlled render only after credits exceed safety floor."
"2026-08-14T03:41:00+09:00","QUOTE-nano_banana_flash","this_line_cli_preflight","portrait_product","Default-parameter price establishes the cost denominator before controlled quality testing.","CTRL-IMAGE-PORTRAIT-PRODUCT-V1","A rights-clean studio photograph of a fictional adult ceramic designer beside an unbranded cobalt vase, original face, no resemblance to any real person, no readable text, no logos, photorealistic natural light.","nano_banana_flash","{""prompt"":""A rights-clean studio photograph of a fictional adult ceramic designer beside an unbranded cobalt vase, original face, no resemblance to any real person, no readable text, no logos, photorealistic natural light."",""defaults"":true}","1.5","0","0","0","","PREFLIGHT_COST_OK_NO_SUBMISSION","balance_guard","Active workspace reported 0 credits. New submissions prohibited at or below 50-credit safety floor.","0","","logs/cost-nano_banana_flash.json","","","safe fictional prompt","required_on_publish","NOT_APPLICABLE_NO_RENDER","BLOCKED_BALANCE","Run one controlled render only after credits exceed safety floor."
"2026-08-14T03:41:00+09:00","QUOTE-nano_banana_pro","this_line_cli_preflight","portrait_product","Default-parameter price establishes the cost denominator before controlled quality testing.","CTRL-IMAGE-PORTRAIT-PRODUCT-V1","A rights-clean studio photograph of a fictional adult ceramic designer beside an unbranded cobalt vase, original face, no resemblance to any real person, no readable text, no logos, photorealistic natural light.","nano_banana_pro","{""prompt"":""A rights-clean studio photograph of a fictional adult ceramic designer beside an unbranded cobalt vase, original face, no resemblance to any real person, no readable text, no logos, photorealistic natural light."",""defaults"":true}","2","0","0","0","","PREFLIGHT_COST_OK_NO_SUBMISSION","balance_guard","Active workspace reported 0 credits. New submissions prohibited at or below 50-credit safety floor.","0","","logs/cost-nano_banana_pro.json","","","safe fictional prompt","required_on_publish","NOT_APPLICABLE_NO_RENDER","BLOCKED_BALANCE","Run one controlled render only after credits exceed safety floor."
"2026-08-14T03:41:00+09:00","QUOTE-openai_hazel","this_line_cli_preflight","portrait_product","Default-parameter price establishes the cost denominator before controlled quality testing.","CTRL-IMAGE-PORTRAIT-PRODUCT-V1","A rights-clean studio photograph of a fictional adult ceramic designer beside an unbranded cobalt vase, original face, no resemblance to any real person, no readable text, no logos, photorealistic natural light.","openai_hazel","{""prompt"":""A rights-clean studio photograph of a fictional adult ceramic designer beside an unbranded cobalt vase, original face, no resemblance to any real person, no readable text, no logos, photorealistic natural light."",""defaults"":true}","4","0","0","0","","PREFLIGHT_COST_OK_NO_SUBMISSION","balance_guard","Active workspace reported 0 credits. New submissions prohibited at or below 50-credit safety floor.","0","","logs/cost-openai_hazel.json","","","safe fictional prompt","required_on_publish","NOT_APPLICABLE_NO_RENDER","BLOCKED_BALANCE","Run one controlled render only after credits exceed safety floor."
"2026-08-14T03:41:00+09:00","QUOTE-recraft_v4_1","this_line_cli_preflight","portrait_product","Default-parameter price establishes the cost denominator before controlled quality testing.","CTRL-IMAGE-PORTRAIT-PRODUCT-V1","A rights-clean studio photograph of a fictional adult ceramic designer beside an unbranded cobalt vase, original face, no resemblance to any real person, no readable text, no logos, photorealistic natural light.","recraft_v4_1","{""prompt"":""A rights-clean studio photograph of a fictional adult ceramic designer beside an unbranded cobalt vase, original face, no resemblance to any real person, no readable text, no logos, photorealistic natural light."",""defaults"":true}","1.25","0","0","0","","PREFLIGHT_COST_OK_NO_SUBMISSION","balance_guard","Active workspace reported 0 credits. New submissions prohibited at or below 50-credit safety floor.","0","","logs/cost-recraft_v4_1.json","","","safe fictional prompt","required_on_publish","NOT_APPLICABLE_NO_RENDER","BLOCKED_BALANCE","Run one controlled render only after credits exceed safety floor."
"2026-08-14T03:41:00+09:00","QUOTE-seedance1_5","this_line_cli_preflight","action","Default-parameter price establishes the cost denominator before controlled quality testing.","CTRL-ACTION-COURIER-V1","Vertical 9:16, exactly five seconds. A completely fictional adult courier in a plain cobalt jacket runs through a rain-lit invented market, jumps over one shallow puddle, lands safely, and keeps running. Original face, no resemblance to any real person. One continuous side-tracking shot, physically credible anatomy, no logos, no brands, no readable text, no watermark, no dialogue, silent visual only.","seedance1_5","{""prompt"":""Vertical 9:16, exactly five seconds. A completely fictional adult courier in a plain cobalt jacket runs through a rain-lit invented market, jumps over one shallow puddle, lands safely, and keeps running. Original face, no resemblance to any real person. One continuous side-tracking shot, physically credible anatomy, no logos, no brands, no readable text, no watermark, no dialogue, silent visual only."",""defaults"":true}","4.8","0","0","0","","PREFLIGHT_COST_OK_NO_SUBMISSION","balance_guard","Active workspace reported 0 credits. New submissions prohibited at or below 50-credit safety floor.","0","","logs/cost-seedance1_5.json","","","safe fictional prompt","required_on_publish","NOT_APPLICABLE_NO_RENDER","BLOCKED_BALANCE","Run one controlled render only after credits exceed safety floor."
"2026-08-14T03:41:00+09:00","QUOTE-seedance_2_0","this_line_cli_preflight","action","Default-parameter price establishes the cost denominator before controlled quality testing.","CTRL-ACTION-COURIER-V1","Vertical 9:16, exactly five seconds. A completely fictional adult courier in a plain cobalt jacket runs through a rain-lit invented market, jumps over one shallow puddle, lands safely, and keeps running. Original face, no resemblance to any real person. One continuous side-tracking shot, physically credible anatomy, no logos, no brands, no readable text, no watermark, no dialogue, silent visual only.","seedance_2_0","{""prompt"":""Vertical 9:16, exactly five seconds. A completely fictional adult courier in a plain cobalt jacket runs through a rain-lit invented market, jumps over one shallow puddle, lands safely, and keeps running. Original face, no resemblance to any real person. One continuous side-tracking shot, physically credible anatomy, no logos, no brands, no readable text, no watermark, no dialogue, silent visual only."",""defaults"":true}","22.5","0","0","0","","PREFLIGHT_COST_OK_NO_SUBMISSION","balance_guard","Active workspace reported 0 credits. New submissions prohibited at or below 50-credit safety floor.","0","","logs/cost-seedance_2_0.json","","","safe fictional prompt","required_on_publish","NOT_APPLICABLE_NO_RENDER","BLOCKED_BALANCE","Run one controlled render only after credits exceed safety floor."
"2026-08-14T03:41:00+09:00","QUOTE-seedance_2_0_mini","this_line_cli_preflight","action","Default-parameter price establishes the cost denominator before controlled quality testing.","CTRL-ACTION-COURIER-V1","Vertical 9:16, exactly five seconds. A completely fictional adult courier in a plain cobalt jacket runs through a rain-lit invented market, jumps over one shallow puddle, lands safely, and keeps running. Original face, no resemblance to any real person. One continuous side-tracking shot, physically credible anatomy, no logos, no brands, no readable text, no watermark, no dialogue, silent visual only.","seedance_2_0_mini","{""prompt"":""Vertical 9:16, exactly five seconds. A completely fictional adult courier in a plain cobalt jacket runs through a rain-lit invented market, jumps over one shallow puddle, lands safely, and keeps running. Original face, no resemblance to any real person. One continuous side-tracking shot, physically credible anatomy, no logos, no brands, no readable text, no watermark, no dialogue, silent visual only."",""defaults"":true}","12.5","0","0","0","","PREFLIGHT_COST_OK_NO_SUBMISSION","balance_guard","Active workspace reported 0 credits. New submissions prohibited at or below 50-credit safety floor.","0","","logs/cost-seedance_2_0_mini.json","","","safe fictional prompt","required_on_publish","NOT_APPLICABLE_NO_RENDER","BLOCKED_BALANCE","Run one controlled render only after credits exceed safety floor."
"2026-08-14T03:41:00+09:00","QUOTE-seedance_2_5","this_line_cli_preflight","action","Default-parameter price establishes the cost denominator before controlled quality testing.","CTRL-ACTION-COURIER-V1","Vertical 9:16, exactly five seconds. A completely fictional adult courier in a plain cobalt jacket runs through a rain-lit invented market, jumps over one shallow puddle, lands safely, and keeps running. Original face, no resemblance to any real person. One continuous side-tracking shot, physically credible anatomy, no logos, no brands, no readable text, no watermark, no dialogue, silent visual only.","seedance_2_5","{""prompt"":""Vertical 9:16, exactly five seconds. A completely fictional adult courier in a plain cobalt jacket runs through a rain-lit invented market, jumps over one shallow puddle, lands safely, and keeps running. Original face, no resemblance to any real person. One continuous side-tracking shot, physically credible anatomy, no logos, no brands, no readable text, no watermark, no dialogue, silent visual only."",""defaults"":true}","32.5","0","0","0","","PREFLIGHT_COST_OK_NO_SUBMISSION","balance_guard","Active workspace reported 0 credits. New submissions prohibited at or below 50-credit safety floor.","0","","logs/cost-seedance_2_5.json","","","safe fictional prompt","required_on_publish","NOT_APPLICABLE_NO_RENDER","BLOCKED_BALANCE","Run one controlled render only after credits exceed safety floor."
"2026-08-14T03:41:00+09:00","QUOTE-seedream_v4_5","this_line_cli_preflight","portrait_product","Default-parameter price establishes the cost denominator before controlled quality testing.","CTRL-IMAGE-PORTRAIT-PRODUCT-V1","A rights-clean studio photograph of a fictional adult ceramic designer beside an unbranded cobalt vase, original face, no resemblance to any real person, no readable text, no logos, photorealistic natural light.","seedream_v4_5","{""prompt"":""A rights-clean studio photograph of a fictional adult ceramic designer beside an unbranded cobalt vase, original face, no resemblance to any real person, no readable text, no logos, photorealistic natural light."",""defaults"":true}","1","0","0","0","","PREFLIGHT_COST_OK_NO_SUBMISSION","balance_guard","Active workspace reported 0 credits. New submissions prohibited at or below 50-credit safety floor.","0","","logs/cost-seedream_v4_5.json","","","safe fictional prompt","required_on_publish","NOT_APPLICABLE_NO_RENDER","BLOCKED_BALANCE","Run one controlled render only after credits exceed safety floor."
"2026-08-14T03:41:00+09:00","QUOTE-seedream_v5_lite","this_line_cli_preflight","portrait_product","Default-parameter price establishes the cost denominator before controlled quality testing.","CTRL-IMAGE-PORTRAIT-PRODUCT-V1","A rights-clean studio photograph of a fictional adult ceramic designer beside an unbranded cobalt vase, original face, no resemblance to any real person, no readable text, no logos, photorealistic natural light.","seedream_v5_lite","{""prompt"":""A rights-clean studio photograph of a fictional adult ceramic designer beside an unbranded cobalt vase, original face, no resemblance to any real person, no readable text, no logos, photorealistic natural light."",""defaults"":true}","1","0","0","0","","PREFLIGHT_COST_OK_NO_SUBMISSION","balance_guard","Active workspace reported 0 credits. New submissions prohibited at or below 50-credit safety floor.","0","","logs/cost-seedream_v5_lite.json","","","safe fictional prompt","required_on_publish","NOT_APPLICABLE_NO_RENDER","BLOCKED_BALANCE","Run one controlled render only after credits exceed safety floor."
"2026-08-14T03:41:00+09:00","QUOTE-seedream_v5_pro","this_line_cli_preflight","portrait_product","Default-parameter price establishes the cost denominator before controlled quality testing.","CTRL-IMAGE-PORTRAIT-PRODUCT-V1","A rights-clean studio photograph of a fictional adult ceramic designer beside an unbranded cobalt vase, original face, no resemblance to any real person, no readable text, no logos, photorealistic natural light.","seedream_v5_pro","{""prompt"":""A rights-clean studio photograph of a fictional adult ceramic designer beside an unbranded cobalt vase, original face, no resemblance to any real person, no readable text, no logos, photorealistic natural light."",""defaults"":true}","3","0","0","0","","PREFLIGHT_COST_OK_NO_SUBMISSION","balance_guard","Active workspace reported 0 credits. New submissions prohibited at or below 50-credit safety floor.","0","","logs/cost-seedream_v5_pro.json","","","safe fictional prompt","required_on_publish","NOT_APPLICABLE_NO_RENDER","BLOCKED_BALANCE","Run one controlled render only after credits exceed safety floor."
"2026-08-14T03:41:00+09:00","QUOTE-soul_cast","this_line_cli_preflight","portrait_product","Default-parameter price establishes the cost denominator before controlled quality testing.","CTRL-IMAGE-PORTRAIT-PRODUCT-V1","A rights-clean studio photograph of a fictional adult ceramic designer beside an unbranded cobalt vase, original face, no resemblance to any real person, no readable text, no logos, photorealistic natural light.","soul_cast","{""prompt"":""A rights-clean studio photograph of a fictional adult ceramic designer beside an unbranded cobalt vase, original face, no resemblance to any real person, no readable text, no logos, photorealistic natural light."",""defaults"":true}","0.12","0","0","0","","PREFLIGHT_COST_OK_NO_SUBMISSION","balance_guard","Active workspace reported 0 credits. New submissions prohibited at or below 50-credit safety floor.","0","","logs/cost-soul_cast.json","","","safe fictional prompt","required_on_publish","NOT_APPLICABLE_NO_RENDER","BLOCKED_BALANCE","Run one controlled render only after credits exceed safety floor."
"2026-08-14T03:41:00+09:00","QUOTE-soul_cinematic","this_line_cli_preflight","portrait_product","Default-parameter price establishes the cost denominator before controlled quality testing.","CTRL-IMAGE-PORTRAIT-PRODUCT-V1","A rights-clean studio photograph of a fictional adult ceramic designer beside an unbranded cobalt vase, original face, no resemblance to any real person, no readable text, no logos, photorealistic natural light.","soul_cinematic","{""prompt"":""A rights-clean studio photograph of a fictional adult ceramic designer beside an unbranded cobalt vase, original face, no resemblance to any real person, no readable text, no logos, photorealistic natural light."",""defaults"":true}","0.12","0","0","0","","PREFLIGHT_COST_OK_NO_SUBMISSION","balance_guard","Active workspace reported 0 credits. New submissions prohibited at or below 50-credit safety floor.","0","","logs/cost-soul_cinematic.json","","","safe fictional prompt","required_on_publish","NOT_APPLICABLE_NO_RENDER","BLOCKED_BALANCE","Run one controlled render only after credits exceed safety floor."
"2026-08-14T03:41:00+09:00","QUOTE-soul_location","this_line_cli_preflight","portrait_product","Default-parameter price establishes the cost denominator before controlled quality testing.","CTRL-IMAGE-PORTRAIT-PRODUCT-V1","A rights-clean studio photograph of a fictional adult ceramic designer beside an unbranded cobalt vase, original face, no resemblance to any real person, no readable text, no logos, photorealistic natural light.","soul_location","{""prompt"":""A rights-clean studio photograph of a fictional adult ceramic designer beside an unbranded cobalt vase, original face, no resemblance to any real person, no readable text, no logos, photorealistic natural light."",""defaults"":true}","0.12","0","0","0","","PREFLIGHT_COST_OK_NO_SUBMISSION","balance_guard","Active workspace reported 0 credits. New submissions prohibited at or below 50-credit safety floor.","0","","logs/cost-soul_location.json","","","safe fictional prompt","required_on_publish","NOT_APPLICABLE_NO_RENDER","BLOCKED_BALANCE","Run one controlled render only after credits exceed safety floor."
"2026-08-14T03:41:00+09:00","QUOTE-text2image_soul_v2","this_line_cli_preflight","portrait_product","Default-parameter price establishes the cost denominator before controlled quality testing.","CTRL-IMAGE-PORTRAIT-PRODUCT-V1","A rights-clean studio photograph of a fictional adult ceramic designer beside an unbranded cobalt vase, original face, no resemblance to any real person, no readable text, no logos, photorealistic natural light.","text2image_soul_v2","{""prompt"":""A rights-clean studio photograph of a fictional adult ceramic designer beside an unbranded cobalt vase, original face, no resemblance to any real person, no readable text, no logos, photorealistic natural light."",""defaults"":true}","0.12","0","0","0","","PREFLIGHT_COST_OK_NO_SUBMISSION","balance_guard","Active workspace reported 0 credits. New submissions prohibited at or below 50-credit safety floor.","0","","logs/cost-text2image_soul_v2.json","","","safe fictional prompt","required_on_publish","NOT_APPLICABLE_NO_RENDER","BLOCKED_BALANCE","Run one controlled render only after credits exceed safety floor."
"2026-08-14T03:41:00+09:00","QUOTE-veo3","this_line_cli_preflight","action","Default-parameter price establishes the cost denominator before controlled quality testing.","CTRL-ACTION-COURIER-V1","Vertical 9:16, exactly five seconds. A completely fictional adult courier in a plain cobalt jacket runs through a rain-lit invented market, jumps over one shallow puddle, lands safely, and keeps running. Original face, no resemblance to any real person. One continuous side-tracking shot, physically credible anatomy, no logos, no brands, no readable text, no watermark, no dialogue, silent visual only.","veo3","{""prompt"":""Vertical 9:16, exactly five seconds. A completely fictional adult courier in a plain cobalt jacket runs through a rain-lit invented market, jumps over one shallow puddle, lands safely, and keeps running. Original face, no resemblance to any real person. One continuous side-tracking shot, physically credible anatomy, no logos, no brands, no readable text, no watermark, no dialogue, silent visual only."",""defaults"":true}","22","0","0","0","","PREFLIGHT_COST_OK_NO_SUBMISSION","balance_guard","Active workspace reported 0 credits. New submissions prohibited at or below 50-credit safety floor.","0","","logs/cost-veo3.json","","","safe fictional prompt","required_on_publish","NOT_APPLICABLE_NO_RENDER","BLOCKED_BALANCE","Run one controlled render only after credits exceed safety floor."
"2026-08-14T03:41:00+09:00","QUOTE-veo3_1","this_line_cli_preflight","action","Default-parameter price establishes the cost denominator before controlled quality testing.","CTRL-ACTION-COURIER-V1","Vertical 9:16, exactly five seconds. A completely fictional adult courier in a plain cobalt jacket runs through a rain-lit invented market, jumps over one shallow puddle, lands safely, and keeps running. Original face, no resemblance to any real person. One continuous side-tracking shot, physically credible anatomy, no logos, no brands, no readable text, no watermark, no dialogue, silent visual only.","veo3_1","{""prompt"":""Vertical 9:16, exactly five seconds. A completely fictional adult courier in a plain cobalt jacket runs through a rain-lit invented market, jumps over one shallow puddle, lands safely, and keeps running. Original face, no resemblance to any real person. One continuous side-tracking shot, physically credible anatomy, no logos, no brands, no readable text, no watermark, no dialogue, silent visual only."",""defaults"":true}","22","0","0","0","","PREFLIGHT_COST_OK_NO_SUBMISSION","balance_guard","Active workspace reported 0 credits. New submissions prohibited at or below 50-credit safety floor.","0","","logs/cost-veo3_1.json","","","safe fictional prompt","required_on_publish","NOT_APPLICABLE_NO_RENDER","BLOCKED_BALANCE","Run one controlled render only after credits exceed safety floor."
"2026-08-14T03:41:00+09:00","QUOTE-veo3_1_lite","this_line_cli_preflight","action","Default-parameter price establishes the cost denominator before controlled quality testing.","CTRL-ACTION-COURIER-V1","Vertical 9:16, exactly five seconds. A completely fictional adult courier in a plain cobalt jacket runs through a rain-lit invented market, jumps over one shallow puddle, lands safely, and keeps running. Original face, no resemblance to any real person. One continuous side-tracking shot, physically credible anatomy, no logos, no brands, no readable text, no watermark, no dialogue, silent visual only.","veo3_1_lite","{""prompt"":""Vertical 9:16, exactly five seconds. A completely fictional adult courier in a plain cobalt jacket runs through a rain-lit invented market, jumps over one shallow puddle, lands safely, and keeps running. Original face, no resemblance to any real person. One continuous side-tracking shot, physically credible anatomy, no logos, no brands, no readable text, no watermark, no dialogue, silent visual only."",""defaults"":true}","8","0","0","0","","PREFLIGHT_COST_OK_NO_SUBMISSION","balance_guard","Active workspace reported 0 credits. New submissions prohibited at or below 50-credit safety floor.","0","","logs/cost-veo3_1_lite.json","","","safe fictional prompt","required_on_publish","NOT_APPLICABLE_NO_RENDER","BLOCKED_BALANCE","Run one controlled render only after credits exceed safety floor."
"2026-08-14T03:41:00+09:00","QUOTE-wan2_6","this_line_cli_preflight","action","Default-parameter price establishes the cost denominator before controlled quality testing.","CTRL-ACTION-COURIER-V1","Vertical 9:16, exactly five seconds. A completely fictional adult courier in a plain cobalt jacket runs through a rain-lit invented market, jumps over one shallow puddle, lands safely, and keeps running. Original face, no resemblance to any real person. One continuous side-tracking shot, physically credible anatomy, no logos, no brands, no readable text, no watermark, no dialogue, silent visual only.","wan2_6","{""prompt"":""Vertical 9:16, exactly five seconds. A completely fictional adult courier in a plain cobalt jacket runs through a rain-lit invented market, jumps over one shallow puddle, lands safely, and keeps running. Original face, no resemblance to any real person. One continuous side-tracking shot, physically credible anatomy, no logos, no brands, no readable text, no watermark, no dialogue, silent visual only."",""defaults"":true}","13","0","0","0","","PREFLIGHT_COST_OK_NO_SUBMISSION","balance_guard","Active workspace reported 0 credits. New submissions prohibited at or below 50-credit safety floor.","0","","logs/cost-wan2_6.json","","","safe fictional prompt","required_on_publish","NOT_APPLICABLE_NO_RENDER","BLOCKED_BALANCE","Run one controlled render only after credits exceed safety floor."
"2026-08-14T03:41:00+09:00","QUOTE-wan2_7","this_line_cli_preflight","action","Default-parameter price establishes the cost denominator before controlled quality testing.","CTRL-ACTION-COURIER-V1","Vertical 9:16, exactly five seconds. A completely fictional adult courier in a plain cobalt jacket runs through a rain-lit invented market, jumps over one shallow puddle, lands safely, and keeps running. Original face, no resemblance to any real person. One continuous side-tracking shot, physically credible anatomy, no logos, no brands, no readable text, no watermark, no dialogue, silent visual only.","wan2_7","{""prompt"":""Vertical 9:16, exactly five seconds. A completely fictional adult courier in a plain cobalt jacket runs through a rain-lit invented market, jumps over one shallow puddle, lands safely, and keeps running. Original face, no resemblance to any real person. One continuous side-tracking shot, physically credible anatomy, no logos, no brands, no readable text, no watermark, no dialogue, silent visual only."",""defaults"":true}","7.5","0","0","0","","PREFLIGHT_COST_OK_NO_SUBMISSION","balance_guard","Active workspace reported 0 credits. New submissions prohibited at or below 50-credit safety floor.","0","","logs/cost-wan2_7.json","","","safe fictional prompt","required_on_publish","NOT_APPLICABLE_NO_RENDER","BLOCKED_BALANCE","Run one controlled render only after credits exceed safety floor."
"2026-08-14T03:41:00+09:00","QUOTE-wan3_0","this_line_cli_preflight","action","Default-parameter price establishes the cost denominator before controlled quality testing.","CTRL-ACTION-COURIER-V1","Vertical 9:16, exactly five seconds. A completely fictional adult courier in a plain cobalt jacket runs through a rain-lit invented market, jumps over one shallow puddle, lands safely, and keeps running. Original face, no resemblance to any real person. One continuous side-tracking shot, physically credible anatomy, no logos, no brands, no readable text, no watermark, no dialogue, silent visual only.","wan3_0","{""prompt"":""Vertical 9:16, exactly five seconds. A completely fictional adult courier in a plain cobalt jacket runs through a rain-lit invented market, jumps over one shallow puddle, lands safely, and keeps running. Original face, no resemblance to any real person. One continuous side-tracking shot, physically credible anatomy, no logos, no brands, no readable text, no watermark, no dialogue, silent visual only."",""defaults"":true}","12.5","0","0","0","","PREFLIGHT_COST_OK_NO_SUBMISSION","balance_guard","Active workspace reported 0 credits. New submissions prohibited at or below 50-credit safety floor.","0","","logs/cost-wan3_0.json","","","safe fictional prompt","required_on_publish","NOT_APPLICABLE_NO_RENDER","BLOCKED_BALANCE","Run one controlled render only after credits exceed safety floor."
"2026-08-14T03:41:00+09:00","QUOTE-z_image","this_line_cli_preflight","portrait_product","Default-parameter price establishes the cost denominator before controlled quality testing.","CTRL-IMAGE-PORTRAIT-PRODUCT-V1","A rights-clean studio photograph of a fictional adult ceramic designer beside an unbranded cobalt vase, original face, no resemblance to any real person, no readable text, no logos, photorealistic natural light.","z_image","{""prompt"":""A rights-clean studio photograph of a fictional adult ceramic designer beside an unbranded cobalt vase, original face, no resemblance to any real person, no readable text, no logos, photorealistic natural light."",""defaults"":true}","0.15","0","0","0","","PREFLIGHT_COST_OK_NO_SUBMISSION","balance_guard","Active workspace reported 0 credits. New submissions prohibited at or below 50-credit safety floor.","0","","logs/cost-z_image.json","","","safe fictional prompt","required_on_publish","NOT_APPLICABLE_NO_RENDER","BLOCKED_BALANCE","Run one controlled render only after credits exceed safety floor."
"2026-08-14T03:42:00+09:00","FAIL-soul_cast","this_line_cli_preflight","image","CLI defaults should satisfy the model schema.","CTRL-IMAGE-PORTRAIT-PRODUCT-V1","A rights-clean studio photograph of a fictional adult ceramic designer beside an unbranded cobalt vase, original face, no resemblance to any real person, no readable text, no logos, photorealistic natural light.","soul_cast","{""prompt"":""A rights-clean studio photograph of a fictional adult ceramic designer beside an unbranded cobalt vase, original face, no resemblance to any real person, no readable text, no logos, photorealistic natural light.""}","","0","0","0","","PREFLIGHT_VALIDATION_FAILED","cli_schema_or_required_media","Missing required params: aspect_ratio","0","","logs/cost-soul_cast.json","","","safe fictional prompt","required_on_publish","NOT_APPLICABLE_NO_RENDER","FAILURE_PRESERVED","Supply explicit required parameters or reference media; do not treat CLI defaults as authoritative."
"2026-08-14T03:42:00+09:00","FAIL-minimax_hailuo","this_line_cli_preflight","video","CLI defaults should satisfy the model schema.","CTRL-ACTION-COURIER-V1","Vertical 9:16, exactly five seconds. A completely fictional adult courier in a plain cobalt jacket runs through a rain-lit invented market, jumps over one shallow puddle, lands safely, and keeps running. Original face, no resemblance to any real person. One continuous side-tracking shot, physically credible anatomy, no logos, no brands, no readable text, no watermark, no dialogue, silent visual only.","minimax_hailuo","{""prompt"":""Vertical 9:16, exactly five seconds. A completely fictional adult courier in a plain cobalt jacket runs through a rain-lit invented market, jumps over one shallow puddle, lands safely, and keeps running. Original face, no resemblance to any real person. One continuous side-tracking shot, physically credible anatomy, no logos, no brands, no readable text, no watermark, no dialogue, silent visual only.""}","","0","0","0","","PREFLIGHT_VALIDATION_FAILED","cli_schema_or_required_media","start_image or end_image required under CLI default validation; retry also exposed resolution type parsing mismatch","0","","logs/cost-minimax_hailuo.json","","","safe fictional prompt","required_on_publish","NOT_APPLICABLE_NO_RENDER","FAILURE_PRESERVED","Supply explicit required parameters or reference media; do not treat CLI defaults as authoritative."
"2026-08-14T03:42:00+09:00","FAIL-wan3_0","this_line_cli_preflight","video","CLI defaults should satisfy the model schema.","CTRL-ACTION-COURIER-V1","Vertical 9:16, exactly five seconds. A completely fictional adult courier in a plain cobalt jacket runs through a rain-lit invented market, jumps over one shallow puddle, lands safely, and keeps running. Original face, no resemblance to any real person. One continuous side-tracking shot, physically credible anatomy, no logos, no brands, no readable text, no watermark, no dialogue, silent visual only.","wan3_0","{""prompt"":""Vertical 9:16, exactly five seconds. A completely fictional adult courier in a plain cobalt jacket runs through a rain-lit invented market, jumps over one shallow puddle, lands safely, and keeps running. Original face, no resemblance to any real person. One continuous side-tracking shot, physically credible anatomy, no logos, no brands, no readable text, no watermark, no dialogue, silent visual only.""}","","0","0","0","","PREFLIGHT_VALIDATION_FAILED","cli_schema_or_required_media","CLI default-duration validation bug: unsupported validation rule; explicit duration retry succeeded","0","","logs/cost-wan3_0.json","","","safe fictional prompt","required_on_publish","NOT_APPLICABLE_NO_RENDER","FAILURE_PRESERVED","Supply explicit required parameters or reference media; do not treat CLI defaults as authoritative."
"2026-08-14T03:42:00+09:00","FAIL-veo3","this_line_cli_preflight","video","CLI defaults should satisfy the model schema.","CTRL-ACTION-COURIER-V1","Vertical 9:16, exactly five seconds. A completely fictional adult courier in a plain cobalt jacket runs through a rain-lit invented market, jumps over one shallow puddle, lands safely, and keeps running. Original face, no resemblance to any real person. One continuous side-tracking shot, physically credible anatomy, no logos, no brands, no readable text, no watermark, no dialogue, silent visual only.","veo3","{""prompt"":""Vertical 9:16, exactly five seconds. A completely fictional adult courier in a plain cobalt jacket runs through a rain-lit invented market, jumps over one shallow puddle, lands safely, and keeps running. Original face, no resemblance to any real person. One continuous side-tracking shot, physically credible anatomy, no logos, no brands, no readable text, no watermark, no dialogue, silent visual only.""}","","0","0","0","","PREFLIGHT_VALIDATION_FAILED","cli_schema_or_required_media","Missing required params: start_image","0","","logs/cost-veo3.json","","","safe fictional prompt","required_on_publish","NOT_APPLICABLE_NO_RENDER","FAILURE_PRESERVED","Supply explicit required parameters or reference media; do not treat CLI defaults as authoritative."
"2026-08-14T03:40:00+09:00","BLOCK-ACCOUNT-000","this_line_account_guard","account","100-130 credits can be spent without crossing the shared 50-credit floor.","ALL","","ALL","{}","100","0","266.92","0","","BLOCKED_BALANCE","shared_account_depleted","Workspace changed from plus/266.92 credits to free/0. Transactions show a Subscription Cancelled deduction of 194.62 after concurrent spending. No new job was submitted by this line.","0","","raw/transactions.json","","","not_applicable","not_applicable","NOT_APPLICABLE","STOP_NEW_JOBS","Restore credits or select a funded workspace, then resume under the 50-credit guard."
